defect_id,product_id,defect_type,defect_date,defect_location,severity,inspection_method,repair_cost,month,week,day_of_week
1,15,structural,06-06-2024,Component,Minor,Visual Inspection,245.47,6,23,Thursday
2,6,functional,26-04-2024,Component,Minor,Visual Inspection,26.87,4,17,Friday
3,84,structural,15-02-2024,Internal,Minor,Automated Testing,835.81,2,7,Thursday
4,10,functional,28-03-2024,Internal,Critical,Automated Testing,444.47,3,13,Thursday
5,14,cosmetic,26-04-2024,Component,Minor,Manual Testing,823.64,4,17,Friday
6,17,functional,11-05-2024,Internal,Moderate,Visual Inspection,788.11,5,19,Saturday
7,85,cosmetic,23-05-2024,Internal,Critical,Manual Testing,33.68,5,21,Thursday
8,90,structural,15-01-2024,Internal,Moderate,Manual Testing,65.56,1,3,Monday
9,30,structural,26-01-2024,Component,Critical,Manual Testing,848.61,1,4,Friday
10,20,structural,05-06-2024,Component,Critical,Visual Inspection,478.48,6,23,Wednesday
11,45,structural,28-04-2024,Surface,Moderate,Automated Testing,217.96,4,17,Sunday
12,86,structural,25-02-2024,Component,Minor,Manual Testing,485.02,2,8,Sunday
13,87,cosmetic,20-06-2024,Component,Minor,Visual Inspection,714.63,6,25,Thursday
14,72,cosmetic,08-05-2024,Surface,Critical,Manual Testing,603.94,5,19,Wednesday
15,74,cosmetic,03-05-2024,Component,Critical,Manual Testing,189.55,5,18,Friday
16,10,functional,20-01-2024,Component,Minor,Automated Testing,458.79,1,3,Saturday
17,53,structural,14-05-2024,Internal,Minor,Visual Inspection,509.35,5,20,Tuesday
18,63,cosmetic,21-05-2024,Component,Critical,Visual Inspection,538.99,5,21,Tuesday
19,28,functional,15-02-2024,Internal,Critical,Manual Testing,34.93,2,7,Thursday
20,81,structural,25-05-2024,Internal,Moderate,Manual Testing,557.11,5,21,Saturday
21,67,functional,03-05-2024,Surface,Minor,Visual Inspection,831.43,5,18,Friday
22,6,structural,06-03-2024,Surface,Minor,Visual Inspection,504.9,3,10,Wednesday
23,33,structural,06-05-2024,Surface,Moderate,Automated Testing,349.23,5,19,Monday
24,15,structural,23-02-2024,Component,Critical,Visual Inspection,560.39,2,8,Friday
25,13,cosmetic,19-02-2024,Surface,Moderate,Manual Testing,629.71,2,8,Monday
26,39,structural,15-06-2024,Component,Moderate,Visual Inspection,975.44,6,24,Saturday
27,60,cosmetic,08-05-2024,Component,Moderate,Manual Testing,737.54,5,19,Wednesday
28,42,structural,02-01-2024,Component,Critical,Manual Testing,592.87,1,1,Tuesday
29,3,structural,13-01-2024,Component,Moderate,Automated Testing,99.82,1,2,Saturday
30,17,functional,22-01-2024,Surface,Critical,Visual Inspection,106.34,1,4,Monday
31,30,structural,30-04-2024,Surface,Critical,Automated Testing,352.58,4,18,Tuesday
32,25,structural,29-03-2024,Surface,Moderate,Visual Inspection,734.12,3,13,Friday
33,14,cosmetic,15-05-2024,Internal,Minor,Visual Inspection,953.54,5,20,Wednesday
34,58,structural,19-06-2024,Surface,Critical,Manual Testing,753.89,6,25,Wednesday
35,48,functional,04-04-2024,Component,Critical,Automated Testing,955.91,4,14,Thursday
36,20,structural,04-06-2024,Surface,Critical,Automated Testing,776.91,6,23,Tuesday
37,68,cosmetic,20-01-2024,Internal,Critical,Manual Testing,607.96,1,3,Saturday
38,51,functional,08-06-2024,Internal,Moderate,Automated Testing,107.7,6,23,Saturday
39,12,functional,25-06-2024,Internal,Critical,Manual Testing,27.24,6,26,Tuesday
40,92,cosmetic,06-01-2024,Surface,Critical,Visual Inspection,370.83,1,1,Saturday
41,63,functional,11-03-2024,Component,Minor,Manual Testing,526.08,3,11,Monday
42,49,functional,18-05-2024,Surface,Critical,Automated Testing,144.38,5,20,Saturday
43,72,cosmetic,23-03-2024,Surface,Moderate,Visual Inspection,534.33,3,12,Saturday
44,24,structural,18-05-2024,Surface,Minor,Visual Inspection,456.8,5,20,Saturday
45,64,functional,27-05-2024,Surface,Minor,Automated Testing,215.01,5,22,Monday
46,36,structural,24-04-2024,Surface,Moderate,Manual Testing,824.3,4,17,Wednesday
47,79,structural,14-02-2024,Component,Critical,Manual Testing,769.28,2,7,Wednesday
48,36,structural,03-01-2024,Component,Moderate,Manual Testing,160.25,1,1,Wednesday
49,65,functional,24-02-2024,Component,Minor,Automated Testing,386.17,2,8,Saturday
50,9,functional,06-01-2024,Component,Moderate,Manual Testing,572.08,1,1,Saturday
51,10,structural,26-06-2024,Internal,Minor,Visual Inspection,433.85,6,26,Wednesday
52,7,structural,19-05-2024,Surface,Minor,Manual Testing,338.1,5,20,Sunday
53,81,functional,03-01-2024,Surface,Critical,Automated Testing,93.13,1,1,Wednesday
54,62,cosmetic,14-05-2024,Component,Moderate,Visual Inspection,308.37,5,20,Tuesday
55,29,structural,23-03-2024,Internal,Critical,Automated Testing,396.58,3,12,Saturday
56,73,structural,19-01-2024,Surface,Minor,Automated Testing,957.6,1,3,Friday
57,86,structural,06-03-2024,Internal,Moderate,Automated Testing,205.19,3,10,Wednesday
58,5,cosmetic,25-05-2024,Component,Critical,Manual Testing,300.27,5,21,Saturday
59,79,structural,10-03-2024,Internal,Critical,Automated Testing,671.22,3,10,Sunday
60,87,functional,18-02-2024,Surface,Minor,Visual Inspection,395.1,2,7,Sunday
61,60,structural,11-06-2024,Component,Critical,Visual Inspection,675.89,6,24,Tuesday
62,43,cosmetic,08-03-2024,Component,Moderate,Visual Inspection,523.02,3,10,Friday
63,52,structural,02-01-2024,Surface,Critical,Manual Testing,337.5,1,1,Tuesday
64,2,cosmetic,11-01-2024,Surface,Minor,Automated Testing,830.89,1,2,Thursday
65,22,functional,16-04-2024,Component,Critical,Visual Inspection,84.97,4,16,Tuesday
66,31,functional,24-05-2024,Internal,Minor,Visual Inspection,771.96,5,21,Friday
67,87,functional,15-03-2024,Internal,Minor,Automated Testing,46.43,3,11,Friday
68,11,cosmetic,16-04-2024,Internal,Minor,Automated Testing,31.91,4,16,Tuesday
69,33,cosmetic,19-05-2024,Component,Moderate,Automated Testing,845.8,5,20,Sunday
70,17,functional,19-02-2024,Component,Minor,Manual Testing,729.55,2,8,Monday
71,71,cosmetic,05-03-2024,Surface,Moderate,Automated Testing,187.03,3,10,Tuesday
72,35,structural,29-06-2024,Component,Moderate,Automated Testing,470.35,6,26,Saturday
73,15,functional,20-05-2024,Internal,Minor,Visual Inspection,662.35,5,21,Monday
74,43,functional,04-04-2024,Component,Critical,Visual Inspection,509.97,4,14,Thursday
75,2,functional,03-01-2024,Component,Critical,Manual Testing,352.33,1,1,Wednesday
76,36,functional,27-03-2024,Surface,Minor,Manual Testing,228.22,3,13,Wednesday
77,64,functional,06-02-2024,Component,Critical,Manual Testing,632.45,2,6,Tuesday
78,28,functional,20-06-2024,Component,Critical,Automated Testing,975.87,6,25,Thursday
79,69,structural,23-03-2024,Internal,Moderate,Visual Inspection,967.14,3,12,Saturday
80,75,structural,11-01-2024,Surface,Moderate,Automated Testing,992.69,1,2,Thursday
81,69,functional,14-03-2024,Surface,Minor,Manual Testing,827.74,3,11,Thursday
82,74,structural,02-04-2024,Component,Critical,Automated Testing,270.97,4,14,Tuesday
83,69,structural,11-04-2024,Surface,Critical,Visual Inspection,712.98,4,15,Thursday
84,11,structural,24-06-2024,Component,Critical,Manual Testing,556.05,6,26,Monday
85,92,structural,27-04-2024,Component,Minor,Manual Testing,200.11,4,17,Saturday
86,70,structural,14-01-2024,Component,Moderate,Automated Testing,660.05,1,2,Sunday
87,22,structural,21-01-2024,Component,Moderate,Manual Testing,220.96,1,3,Sunday
88,9,functional,09-02-2024,Component,Critical,Visual Inspection,776.54,2,6,Friday
89,6,functional,01-05-2024,Surface,Moderate,Visual Inspection,920.26,5,18,Wednesday
90,58,structural,17-02-2024,Internal,Moderate,Visual Inspection,492.22,2,7,Saturday
91,98,cosmetic,07-03-2024,Surface,Critical,Manual Testing,513.45,3,10,Thursday
92,93,functional,30-06-2024,Component,Moderate,Automated Testing,286.28,6,26,Sunday
93,10,functional,01-04-2024,Surface,Minor,Automated Testing,698.89,4,14,Monday
94,72,cosmetic,02-02-2024,Internal,Critical,Visual Inspection,555.25,2,5,Friday
95,36,cosmetic,16-05-2024,Component,Moderate,Manual Testing,465.92,5,20,Thursday
96,11,structural,08-03-2024,Component,Critical,Manual Testing,732.13,3,10,Friday
97,56,structural,15-03-2024,Component,Moderate,Automated Testing,582.46,3,11,Friday
98,67,cosmetic,10-03-2024,Component,Moderate,Visual Inspection,647.7,3,10,Sunday
99,67,structural,08-04-2024,Component,Critical,Visual Inspection,536.57,4,15,Monday
100,8,functional,24-04-2024,Surface,Minor,Visual Inspection,673.85,4,17,Wednesday
101,27,structural,25-01-2024,Internal,Minor,Manual Testing,871.1,1,4,Thursday
102,79,structural,25-06-2024,Internal,Critical,Visual Inspection,973.66,6,26,Tuesday
103,87,functional,31-05-2024,Internal,Critical,Visual Inspection,787.42,5,22,Friday
104,1,structural,25-06-2024,Surface,Minor,Manual Testing,338.48,6,26,Tuesday
105,49,structural,30-04-2024,Component,Critical,Visual Inspection,922.07,4,18,Tuesday
106,9,functional,14-05-2024,Surface,Moderate,Manual Testing,137.41,5,20,Tuesday
107,63,structural,28-06-2024,Surface,Critical,Automated Testing,17.89,6,26,Friday
108,97,cosmetic,26-01-2024,Surface,Moderate,Manual Testing,210.3,1,4,Friday
109,1,cosmetic,22-02-2024,Component,Critical,Automated Testing,978.5,2,8,Thursday
110,44,functional,05-03-2024,Surface,Minor,Visual Inspection,381.15,3,10,Tuesday
111,27,structural,06-05-2024,Component,Moderate,Manual Testing,302.42,5,19,Monday
112,9,cosmetic,12-01-2024,Component,Minor,Automated Testing,813.46,1,2,Friday
113,67,cosmetic,08-04-2024,Surface,Minor,Automated Testing,998.27,4,15,Monday
114,83,functional,25-01-2024,Component,Critical,Manual Testing,498.47,1,4,Thursday
115,66,functional,30-04-2024,Internal,Moderate,Visual Inspection,362.23,4,18,Tuesday
116,36,cosmetic,09-01-2024,Internal,Critical,Visual Inspection,194.79,1,2,Tuesday
117,64,cosmetic,11-01-2024,Surface,Moderate,Visual Inspection,677.65,1,2,Thursday
118,66,structural,10-04-2024,Surface,Critical,Manual Testing,310.8,4,15,Wednesday
119,99,structural,05-03-2024,Surface,Minor,Visual Inspection,717.21,3,10,Tuesday
120,80,functional,08-03-2024,Component,Critical,Manual Testing,641.58,3,10,Friday
121,86,structural,09-06-2024,Internal,Minor,Manual Testing,520.84,6,23,Sunday
122,51,structural,16-04-2024,Surface,Critical,Manual Testing,271.18,4,16,Tuesday
123,79,cosmetic,04-02-2024,Internal,Minor,Manual Testing,657.81,2,5,Sunday
124,100,functional,27-03-2024,Internal,Moderate,Manual Testing,620.66,3,13,Wednesday
125,86,cosmetic,10-03-2024,Surface,Critical,Visual Inspection,533.03,3,10,Sunday
126,29,structural,01-02-2024,Surface,Minor,Visual Inspection,21.77,2,5,Thursday
127,68,cosmetic,19-05-2024,Surface,Minor,Manual Testing,302.22,5,20,Sunday
128,92,cosmetic,02-03-2024,Internal,Moderate,Automated Testing,895.38,3,9,Saturday
129,14,cosmetic,20-06-2024,Surface,Critical,Visual Inspection,241.61,6,25,Thursday
130,72,cosmetic,06-04-2024,Internal,Critical,Automated Testing,878.46,4,14,Saturday
131,61,functional,15-05-2024,Internal,Critical,Visual Inspection,268.08,5,20,Wednesday
132,63,structural,23-04-2024,Surface,Critical,Visual Inspection,492.32,4,17,Tuesday
133,86,structural,20-03-2024,Surface,Moderate,Manual Testing,379.78,3,12,Wednesday
134,98,cosmetic,03-02-2024,Surface,Moderate,Visual Inspection,498.71,2,5,Saturday
135,61,cosmetic,15-02-2024,Internal,Moderate,Automated Testing,379.01,2,7,Thursday
136,67,functional,21-02-2024,Internal,Minor,Automated Testing,79.52,2,8,Wednesday
137,2,functional,19-04-2024,Internal,Critical,Automated Testing,602.25,4,16,Friday
138,11,structural,05-03-2024,Component,Critical,Automated Testing,575.71,3,10,Tuesday
139,58,cosmetic,24-06-2024,Surface,Critical,Visual Inspection,760.33,6,26,Monday
140,68,functional,04-04-2024,Internal,Critical,Manual Testing,955.54,4,14,Thursday
141,28,cosmetic,06-01-2024,Internal,Minor,Visual Inspection,679.88,1,1,Saturday
142,63,structural,25-03-2024,Internal,Critical,Visual Inspection,71.91,3,13,Monday
143,100,functional,27-05-2024,Internal,Moderate,Manual Testing,916.79,5,22,Monday
144,45,cosmetic,18-06-2024,Internal,Moderate,Manual Testing,558.34,6,25,Tuesday
145,25,structural,16-01-2024,Internal,Minor,Manual Testing,23.02,1,3,Tuesday
146,43,cosmetic,26-04-2024,Internal,Minor,Visual Inspection,346.23,4,17,Friday
147,45,structural,05-04-2024,Internal,Critical,Automated Testing,926.31,4,14,Friday
148,84,cosmetic,29-01-2024,Internal,Critical,Automated Testing,783.88,1,5,Monday
149,41,cosmetic,25-01-2024,Surface,Moderate,Automated Testing,747.18,1,4,Thursday
150,53,functional,22-03-2024,Surface,Critical,Manual Testing,415.84,3,12,Friday
151,61,structural,07-06-2024,Component,Minor,Visual Inspection,502.15,6,23,Friday
152,97,structural,27-01-2024,Internal,Moderate,Manual Testing,94.7,1,4,Saturday
153,63,cosmetic,09-01-2024,Surface,Minor,Manual Testing,426.04,1,2,Tuesday
154,75,cosmetic,03-05-2024,Surface,Moderate,Automated Testing,380.52,5,18,Friday
155,10,structural,24-01-2024,Component,Minor,Visual Inspection,935.64,1,4,Wednesday
156,56,functional,21-05-2024,Internal,Minor,Manual Testing,595.9,5,21,Tuesday
157,96,functional,07-05-2024,Surface,Minor,Manual Testing,788.22,5,19,Tuesday
158,96,functional,16-01-2024,Surface,Critical,Visual Inspection,465.74,1,3,Tuesday
159,77,structural,19-05-2024,Internal,Moderate,Automated Testing,661.8,5,20,Sunday
160,91,structural,17-05-2024,Surface,Moderate,Manual Testing,532.77,5,20,Friday
161,56,cosmetic,21-05-2024,Component,Minor,Visual Inspection,612.03,5,21,Tuesday
162,56,functional,09-02-2024,Component,Moderate,Manual Testing,614.11,2,6,Friday
163,12,cosmetic,30-01-2024,Surface,Minor,Manual Testing,238.39,1,5,Tuesday
164,6,structural,20-04-2024,Internal,Minor,Visual Inspection,986.51,4,16,Saturday
165,30,cosmetic,06-05-2024,Component,Critical,Automated Testing,796.76,5,19,Monday
166,34,functional,15-02-2024,Component,Minor,Visual Inspection,105.27,2,7,Thursday
167,99,cosmetic,27-01-2024,Surface,Moderate,Automated Testing,950.97,1,4,Saturday
168,14,structural,29-06-2024,Surface,Critical,Visual Inspection,517.41,6,26,Saturday
169,70,cosmetic,03-06-2024,Surface,Critical,Manual Testing,789.62,6,23,Monday
170,4,functional,16-05-2024,Internal,Moderate,Visual Inspection,942.03,5,20,Thursday
171,74,cosmetic,26-04-2024,Surface,Moderate,Manual Testing,352.05,4,17,Friday
172,25,cosmetic,02-01-2024,Component,Critical,Automated Testing,10.22,1,1,Tuesday
173,74,cosmetic,29-03-2024,Component,Moderate,Automated Testing,932.23,3,13,Friday
174,51,functional,29-05-2024,Surface,Critical,Automated Testing,715.22,5,22,Wednesday
175,6,structural,19-02-2024,Internal,Moderate,Manual Testing,999.64,2,8,Monday
176,13,structural,09-03-2024,Surface,Critical,Manual Testing,952.49,3,10,Saturday
177,34,structural,21-01-2024,Internal,Minor,Manual Testing,174.76,1,3,Sunday
178,51,functional,17-01-2024,Internal,Minor,Visual Inspection,755.15,1,3,Wednesday
179,44,structural,23-04-2024,Surface,Moderate,Automated Testing,532.6,4,17,Tuesday
180,64,structural,07-01-2024,Component,Minor,Manual Testing,854.25,1,1,Sunday
181,91,functional,29-02-2024,Internal,Minor,Automated Testing,383.83,2,9,Thursday
182,80,functional,27-01-2024,Internal,Moderate,Manual Testing,80,1,4,Saturday
183,8,structural,02-02-2024,Component,Critical,Visual Inspection,970.31,2,5,Friday
184,14,functional,09-02-2024,Internal,Moderate,Visual Inspection,517.63,2,6,Friday
185,64,structural,15-01-2024,Surface,Moderate,Automated Testing,81.33,1,3,Monday
186,21,structural,29-03-2024,Component,Critical,Manual Testing,540.92,3,13,Friday
187,13,cosmetic,27-04-2024,Internal,Critical,Visual Inspection,280.77,4,17,Saturday
188,56,structural,02-06-2024,Internal,Moderate,Automated Testing,87.28,6,22,Sunday
189,95,cosmetic,23-02-2024,Surface,Minor,Manual Testing,306.56,2,8,Friday
190,4,functional,22-06-2024,Surface,Critical,Automated Testing,86.46,6,25,Saturday
191,80,cosmetic,12-01-2024,Surface,Critical,Manual Testing,13.03,1,2,Friday
192,95,functional,21-03-2024,Component,Critical,Visual Inspection,525.07,3,12,Thursday
193,28,cosmetic,21-05-2024,Component,Critical,Manual Testing,219.71,5,21,Tuesday
194,1,structural,03-03-2024,Component,Critical,Visual Inspection,192.21,3,9,Sunday
195,17,structural,18-02-2024,Component,Moderate,Automated Testing,924.13,2,7,Sunday
196,18,structural,21-06-2024,Component,Minor,Manual Testing,65.23,6,25,Friday
197,76,cosmetic,28-05-2024,Internal,Moderate,Automated Testing,481.7,5,22,Tuesday
198,28,cosmetic,14-04-2024,Surface,Minor,Manual Testing,561.27,4,15,Sunday
199,75,structural,30-01-2024,Internal,Moderate,Visual Inspection,169.54,1,5,Tuesday
200,78,cosmetic,04-04-2024,Surface,Moderate,Visual Inspection,629.38,4,14,Thursday
201,8,cosmetic,04-01-2024,Surface,Critical,Automated Testing,783.36,1,1,Thursday
202,97,structural,25-05-2024,Surface,Moderate,Automated Testing,102.88,5,21,Saturday
203,22,structural,05-04-2024,Component,Minor,Manual Testing,269.04,4,14,Friday
204,82,functional,20-01-2024,Surface,Moderate,Visual Inspection,257.33,1,3,Saturday
205,17,structural,28-05-2024,Component,Critical,Automated Testing,824.37,5,22,Tuesday
206,59,functional,29-05-2024,Surface,Minor,Manual Testing,303.59,5,22,Wednesday
207,69,functional,22-04-2024,Internal,Critical,Automated Testing,793.3,4,17,Monday
208,22,functional,31-01-2024,Surface,Critical,Manual Testing,929.05,1,5,Wednesday
209,76,functional,20-05-2024,Internal,Moderate,Manual Testing,473.36,5,21,Monday
210,59,functional,25-01-2024,Surface,Minor,Automated Testing,478.17,1,4,Thursday
211,61,structural,12-03-2024,Component,Critical,Manual Testing,430.49,3,11,Tuesday
212,69,functional,07-05-2024,Surface,Moderate,Automated Testing,460.93,5,19,Tuesday
213,75,cosmetic,30-01-2024,Internal,Moderate,Visual Inspection,917.3,1,5,Tuesday
214,42,structural,02-01-2024,Surface,Minor,Manual Testing,520.21,1,1,Tuesday
215,38,functional,07-01-2024,Internal,Critical,Manual Testing,575.58,1,1,Sunday
216,5,structural,13-01-2024,Internal,Moderate,Visual Inspection,296.41,1,2,Saturday
217,10,cosmetic,28-05-2024,Surface,Critical,Automated Testing,622.98,5,22,Tuesday
218,21,functional,10-05-2024,Internal,Critical,Visual Inspection,484.08,5,19,Friday
219,92,cosmetic,26-04-2024,Component,Critical,Manual Testing,479.31,4,17,Friday
220,29,functional,05-04-2024,Surface,Minor,Manual Testing,624.22,4,14,Friday
221,49,functional,11-06-2024,Component,Critical,Manual Testing,777.18,6,24,Tuesday
222,28,functional,12-02-2024,Component,Critical,Automated Testing,842.93,2,7,Monday
223,87,cosmetic,26-01-2024,Surface,Critical,Manual Testing,974.99,1,4,Friday
224,51,functional,24-04-2024,Component,Critical,Manual Testing,989.81,4,17,Wednesday
225,64,structural,23-04-2024,Component,Moderate,Visual Inspection,484.04,4,17,Tuesday
226,77,cosmetic,04-06-2024,Internal,Minor,Automated Testing,38.39,6,23,Tuesday
227,23,functional,23-06-2024,Surface,Minor,Visual Inspection,334.53,6,25,Sunday
228,89,functional,04-02-2024,Component,Moderate,Manual Testing,580.74,2,5,Sunday
229,30,functional,24-03-2024,Surface,Critical,Manual Testing,638.28,3,12,Sunday
230,88,structural,28-01-2024,Component,Minor,Manual Testing,727.86,1,4,Sunday
231,47,structural,11-03-2024,Internal,Moderate,Manual Testing,117.74,3,11,Monday
232,74,functional,25-05-2024,Component,Critical,Automated Testing,891.94,5,21,Saturday
233,53,structural,17-03-2024,Surface,Minor,Visual Inspection,440.58,3,11,Sunday
234,39,structural,17-02-2024,Internal,Minor,Automated Testing,310.96,2,7,Saturday
235,4,cosmetic,28-01-2024,Internal,Critical,Manual Testing,430.74,1,4,Sunday
236,29,cosmetic,05-05-2024,Surface,Minor,Automated Testing,47.99,5,18,Sunday
237,31,cosmetic,30-06-2024,Component,Moderate,Visual Inspection,728.13,6,26,Sunday
238,75,structural,06-02-2024,Component,Critical,Visual Inspection,890.35,2,6,Tuesday
239,88,functional,12-03-2024,Surface,Minor,Manual Testing,356.55,3,11,Tuesday
240,14,structural,04-05-2024,Internal,Moderate,Visual Inspection,271.51,5,18,Saturday
241,80,structural,19-03-2024,Surface,Minor,Manual Testing,288.31,3,12,Tuesday
242,13,functional,08-02-2024,Component,Critical,Automated Testing,663.49,2,6,Thursday
243,5,functional,18-06-2024,Internal,Moderate,Manual Testing,711.77,6,25,Tuesday
244,67,structural,04-06-2024,Surface,Moderate,Visual Inspection,822.12,6,23,Tuesday
245,35,cosmetic,27-05-2024,Component,Critical,Visual Inspection,889.52,5,22,Monday
246,81,structural,30-03-2024,Surface,Minor,Automated Testing,471.55,3,13,Saturday
247,24,cosmetic,22-04-2024,Internal,Critical,Automated Testing,136.69,4,17,Monday
248,65,structural,27-03-2024,Component,Minor,Automated Testing,148.61,3,13,Wednesday
249,13,structural,16-05-2024,Surface,Moderate,Manual Testing,768.39,5,20,Thursday
250,65,cosmetic,07-06-2024,Component,Moderate,Manual Testing,545.52,6,23,Friday
251,33,structural,29-01-2024,Component,Moderate,Automated Testing,978.58,1,5,Monday
252,92,cosmetic,16-05-2024,Internal,Critical,Visual Inspection,62.59,5,20,Thursday
253,25,functional,01-05-2024,Component,Minor,Automated Testing,146.53,5,18,Wednesday
254,33,functional,02-05-2024,Surface,Minor,Automated Testing,168.3,5,18,Thursday
255,63,cosmetic,02-01-2024,Internal,Critical,Manual Testing,225.2,1,1,Tuesday
256,23,structural,18-06-2024,Surface,Minor,Manual Testing,875.37,6,25,Tuesday
257,47,structural,03-06-2024,Surface,Minor,Manual Testing,772.77,6,23,Monday
258,78,structural,07-05-2024,Component,Minor,Automated Testing,617.12,5,19,Tuesday
259,74,functional,20-03-2024,Surface,Moderate,Manual Testing,900.61,3,12,Wednesday
260,70,structural,03-03-2024,Surface,Minor,Manual Testing,159.25,3,9,Sunday
261,59,functional,02-03-2024,Internal,Minor,Manual Testing,16.62,3,9,Saturday
262,77,functional,25-02-2024,Surface,Minor,Automated Testing,906.96,2,8,Sunday
263,96,functional,03-05-2024,Internal,Minor,Manual Testing,446.61,5,18,Friday
264,39,structural,29-01-2024,Surface,Minor,Manual Testing,406.06,1,5,Monday
265,54,structural,08-06-2024,Component,Minor,Automated Testing,286.25,6,23,Saturday
266,74,structural,22-06-2024,Surface,Critical,Manual Testing,319.6,6,25,Saturday
267,57,functional,04-06-2024,Surface,Moderate,Manual Testing,798.16,6,23,Tuesday
268,48,functional,05-01-2024,Component,Critical,Manual Testing,674.23,1,1,Friday
269,99,cosmetic,09-03-2024,Component,Minor,Manual Testing,940.48,3,10,Saturday
270,71,functional,05-04-2024,Internal,Critical,Visual Inspection,42.63,4,14,Friday
271,37,cosmetic,26-06-2024,Surface,Critical,Automated Testing,433.02,6,26,Wednesday
272,65,structural,09-04-2024,Internal,Minor,Manual Testing,606.91,4,15,Tuesday
273,94,structural,15-06-2024,Surface,Moderate,Automated Testing,129.41,6,24,Saturday
274,83,cosmetic,05-02-2024,Surface,Critical,Manual Testing,444.1,2,6,Monday
275,71,functional,29-05-2024,Surface,Moderate,Manual Testing,634.26,5,22,Wednesday
276,46,cosmetic,13-01-2024,Surface,Moderate,Manual Testing,672.89,1,2,Saturday
277,56,functional,22-05-2024,Internal,Minor,Visual Inspection,557.67,5,21,Wednesday
278,34,functional,22-06-2024,Internal,Minor,Manual Testing,272.53,6,25,Saturday
279,19,structural,17-02-2024,Internal,Minor,Visual Inspection,503.24,2,7,Saturday
280,27,functional,23-04-2024,Surface,Critical,Visual Inspection,611.37,4,17,Tuesday
281,69,cosmetic,24-01-2024,Surface,Minor,Visual Inspection,501.54,1,4,Wednesday
282,90,structural,20-05-2024,Surface,Minor,Manual Testing,290.23,5,21,Monday
283,63,cosmetic,30-01-2024,Internal,Moderate,Manual Testing,195.84,1,5,Tuesday
284,86,structural,09-04-2024,Internal,Moderate,Visual Inspection,88.05,4,15,Tuesday
285,82,structural,17-05-2024,Surface,Critical,Manual Testing,97.99,5,20,Friday
286,65,structural,19-06-2024,Internal,Critical,Visual Inspection,349.24,6,25,Wednesday
287,14,structural,31-01-2024,Internal,Critical,Manual Testing,421.51,1,5,Wednesday
288,48,structural,26-05-2024,Internal,Critical,Manual Testing,422.77,5,21,Sunday
289,61,structural,07-02-2024,Internal,Minor,Automated Testing,925.03,2,6,Wednesday
290,35,structural,27-02-2024,Internal,Minor,Automated Testing,319.58,2,9,Tuesday
291,67,functional,22-04-2024,Surface,Moderate,Automated Testing,556.42,4,17,Monday
292,16,structural,04-02-2024,Surface,Minor,Automated Testing,818.54,2,5,Sunday
293,44,structural,02-01-2024,Internal,Moderate,Automated Testing,320.62,1,1,Tuesday
294,80,cosmetic,31-03-2024,Internal,Moderate,Manual Testing,178.82,3,13,Sunday
295,83,structural,29-02-2024,Surface,Critical,Manual Testing,237.65,2,9,Thursday
296,93,structural,14-03-2024,Component,Moderate,Manual Testing,658.16,3,11,Thursday
297,43,structural,23-01-2024,Surface,Minor,Visual Inspection,326.58,1,4,Tuesday
298,87,cosmetic,14-02-2024,Surface,Minor,Manual Testing,301.61,2,7,Wednesday
299,56,cosmetic,26-05-2024,Surface,Minor,Visual Inspection,357.56,5,21,Sunday
300,3,functional,26-04-2024,Internal,Critical,Manual Testing,358.21,4,17,Friday
301,22,structural,03-05-2024,Surface,Moderate,Manual Testing,89.91,5,18,Friday
302,85,cosmetic,06-05-2024,Internal,Minor,Automated Testing,18.42,5,19,Monday
303,80,functional,25-04-2024,Component,Moderate,Visual Inspection,294.31,4,17,Thursday
304,17,functional,24-04-2024,Internal,Minor,Visual Inspection,865.96,4,17,Wednesday
305,35,cosmetic,12-06-2024,Component,Minor,Visual Inspection,578.28,6,24,Wednesday
306,39,structural,13-02-2024,Surface,Critical,Visual Inspection,495.87,2,7,Tuesday
307,30,functional,19-06-2024,Component,Minor,Visual Inspection,728.39,6,25,Wednesday
308,47,cosmetic,08-01-2024,Component,Minor,Manual Testing,949.72,1,2,Monday
309,24,structural,23-03-2024,Component,Moderate,Manual Testing,56.12,3,12,Saturday
310,76,structural,26-05-2024,Component,Moderate,Automated Testing,56.35,5,21,Sunday
311,38,structural,08-04-2024,Internal,Minor,Manual Testing,651.35,4,15,Monday
312,47,cosmetic,23-02-2024,Component,Minor,Manual Testing,471.27,2,8,Friday
313,82,cosmetic,29-05-2024,Surface,Moderate,Visual Inspection,732.6,5,22,Wednesday
314,36,cosmetic,19-02-2024,Component,Minor,Automated Testing,865.3,2,8,Monday
315,40,functional,15-01-2024,Internal,Minor,Automated Testing,49.2,1,3,Monday
316,28,cosmetic,09-06-2024,Surface,Critical,Manual Testing,567.72,6,23,Sunday
317,31,cosmetic,09-01-2024,Surface,Moderate,Visual Inspection,490.53,1,2,Tuesday
318,34,functional,03-03-2024,Component,Minor,Manual Testing,11.38,3,9,Sunday
319,56,functional,23-02-2024,Component,Moderate,Visual Inspection,409.72,2,8,Friday
320,45,functional,05-01-2024,Component,Minor,Visual Inspection,515.07,1,1,Friday
321,32,structural,06-06-2024,Component,Moderate,Visual Inspection,42.44,6,23,Thursday
322,54,functional,30-05-2024,Internal,Critical,Automated Testing,883.58,5,22,Thursday
323,44,structural,08-06-2024,Internal,Minor,Automated Testing,624.98,6,23,Saturday
324,97,functional,06-04-2024,Component,Minor,Manual Testing,195.74,4,14,Saturday
325,15,functional,15-04-2024,Internal,Moderate,Manual Testing,241.22,4,16,Monday
326,97,cosmetic,29-04-2024,Component,Minor,Manual Testing,441.18,4,18,Monday
327,17,structural,01-04-2024,Component,Critical,Manual Testing,274.09,4,14,Monday
328,91,functional,08-06-2024,Surface,Moderate,Visual Inspection,268.52,6,23,Saturday
329,92,structural,02-01-2024,Component,Critical,Automated Testing,170.44,1,1,Tuesday
330,72,functional,01-03-2024,Component,Moderate,Automated Testing,386.43,3,9,Friday
331,74,functional,01-03-2024,Surface,Minor,Manual Testing,970.98,3,9,Friday
332,7,functional,16-05-2024,Component,Minor,Automated Testing,751.73,5,20,Thursday
333,24,functional,22-04-2024,Component,Minor,Automated Testing,285.85,4,17,Monday
334,10,structural,15-03-2024,Internal,Critical,Manual Testing,478.75,3,11,Friday
335,26,cosmetic,29-02-2024,Surface,Minor,Automated Testing,884.79,2,9,Thursday
336,92,cosmetic,13-04-2024,Surface,Moderate,Automated Testing,44.73,4,15,Saturday
337,68,cosmetic,24-05-2024,Component,Minor,Automated Testing,952.79,5,21,Friday
338,31,cosmetic,03-01-2024,Component,Moderate,Manual Testing,959.59,1,1,Wednesday
339,41,structural,15-02-2024,Component,Moderate,Visual Inspection,312.25,2,7,Thursday
340,95,cosmetic,23-06-2024,Component,Minor,Visual Inspection,658.47,6,25,Sunday
341,17,functional,03-05-2024,Surface,Minor,Manual Testing,243.25,5,18,Friday
342,4,cosmetic,24-05-2024,Internal,Moderate,Automated Testing,199.65,5,21,Friday
343,96,functional,30-01-2024,Component,Minor,Visual Inspection,471.43,1,5,Tuesday
344,81,functional,06-02-2024,Component,Moderate,Visual Inspection,756.85,2,6,Tuesday
345,61,structural,31-05-2024,Internal,Critical,Visual Inspection,369.06,5,22,Friday
346,97,cosmetic,14-06-2024,Surface,Minor,Manual Testing,326.19,6,24,Friday
347,90,functional,19-05-2024,Component,Minor,Visual Inspection,22.07,5,20,Sunday
348,29,cosmetic,18-04-2024,Component,Critical,Visual Inspection,825.33,4,16,Thursday
349,45,cosmetic,20-01-2024,Surface,Minor,Automated Testing,697.77,1,3,Saturday
350,33,structural,18-05-2024,Component,Moderate,Visual Inspection,417.1,5,20,Saturday
351,44,cosmetic,07-06-2024,Surface,Minor,Visual Inspection,74.81,6,23,Friday
352,30,functional,24-02-2024,Surface,Minor,Visual Inspection,104.54,2,8,Saturday
353,29,functional,14-06-2024,Component,Critical,Manual Testing,480.07,6,24,Friday
354,26,structural,13-03-2024,Surface,Minor,Manual Testing,842.37,3,11,Wednesday
355,18,cosmetic,12-03-2024,Internal,Critical,Manual Testing,422.03,3,11,Tuesday
356,9,functional,03-02-2024,Internal,Critical,Visual Inspection,161.41,2,5,Saturday
357,50,cosmetic,08-02-2024,Component,Critical,Visual Inspection,361.26,2,6,Thursday
358,71,cosmetic,17-05-2024,Surface,Critical,Automated Testing,999.25,5,20,Friday
359,27,functional,17-02-2024,Internal,Critical,Automated Testing,495.53,2,7,Saturday
360,82,functional,02-06-2024,Internal,Moderate,Visual Inspection,40.89,6,22,Sunday
361,19,functional,07-06-2024,Component,Moderate,Manual Testing,444.31,6,23,Friday
362,45,structural,20-06-2024,Surface,Minor,Manual Testing,739.69,6,25,Thursday
363,12,structural,20-06-2024,Internal,Minor,Visual Inspection,577.64,6,25,Thursday
364,54,functional,21-03-2024,Component,Minor,Visual Inspection,230.65,3,12,Thursday
365,40,structural,10-04-2024,Component,Minor,Manual Testing,692.1,4,15,Wednesday
366,95,functional,04-04-2024,Internal,Critical,Visual Inspection,378.29,4,14,Thursday
367,21,functional,23-01-2024,Internal,Moderate,Visual Inspection,584.9,1,4,Tuesday
368,35,functional,01-03-2024,Internal,Moderate,Visual Inspection,39.01,3,9,Friday
369,47,functional,26-01-2024,Internal,Critical,Visual Inspection,899.07,1,4,Friday
370,93,structural,27-01-2024,Internal,Minor,Visual Inspection,96.04,1,4,Saturday
371,74,structural,02-01-2024,Internal,Moderate,Visual Inspection,269.99,1,1,Tuesday
372,76,cosmetic,14-05-2024,Surface,Minor,Visual Inspection,996.49,5,20,Tuesday
373,92,functional,11-01-2024,Surface,Moderate,Manual Testing,573.22,1,2,Thursday
374,5,structural,13-06-2024,Internal,Moderate,Visual Inspection,694.03,6,24,Thursday
375,48,functional,10-05-2024,Internal,Minor,Visual Inspection,963.03,5,19,Friday
376,54,functional,10-01-2024,Component,Moderate,Manual Testing,118.46,1,2,Wednesday
377,97,structural,16-01-2024,Component,Moderate,Automated Testing,773.47,1,3,Tuesday
378,41,structural,12-06-2024,Surface,Minor,Visual Inspection,180.86,6,24,Wednesday
379,34,cosmetic,05-04-2024,Surface,Minor,Manual Testing,18.61,4,14,Friday
380,25,cosmetic,10-04-2024,Component,Critical,Manual Testing,176.96,4,15,Wednesday
381,27,cosmetic,07-01-2024,Surface,Moderate,Visual Inspection,32.44,1,1,Sunday
382,74,cosmetic,12-02-2024,Component,Minor,Manual Testing,351.27,2,7,Monday
383,51,functional,05-01-2024,Component,Critical,Visual Inspection,303.16,1,1,Friday
384,98,cosmetic,05-05-2024,Internal,Critical,Automated Testing,404.15,5,18,Sunday
385,83,structural,10-01-2024,Internal,Moderate,Automated Testing,800.76,1,2,Wednesday
386,60,structural,29-01-2024,Surface,Moderate,Visual Inspection,321.45,1,5,Monday
387,84,functional,14-02-2024,Surface,Critical,Manual Testing,510.38,2,7,Wednesday
388,32,structural,17-02-2024,Internal,Minor,Automated Testing,883.92,2,7,Saturday
389,49,structural,16-04-2024,Internal,Minor,Automated Testing,918.87,4,16,Tuesday
390,1,structural,19-05-2024,Surface,Critical,Automated Testing,564.46,5,20,Sunday
391,7,functional,03-06-2024,Internal,Minor,Visual Inspection,889.4,6,23,Monday
392,81,functional,25-02-2024,Component,Critical,Automated Testing,197.87,2,8,Sunday
393,24,cosmetic,09-06-2024,Surface,Critical,Visual Inspection,786.6,6,23,Sunday
394,37,functional,04-05-2024,Internal,Moderate,Manual Testing,740.36,5,18,Saturday
395,81,functional,05-03-2024,Surface,Critical,Automated Testing,667.24,3,10,Tuesday
396,84,cosmetic,09-01-2024,Surface,Critical,Visual Inspection,77.72,1,2,Tuesday
397,79,functional,16-04-2024,Surface,Moderate,Visual Inspection,106.59,4,16,Tuesday
398,3,structural,20-02-2024,Surface,Minor,Manual Testing,529.16,2,8,Tuesday
399,50,functional,07-04-2024,Surface,Critical,Manual Testing,94.34,4,14,Sunday
400,44,cosmetic,12-04-2024,Component,Moderate,Manual Testing,97.53,4,15,Friday
401,34,functional,19-04-2024,Internal,Critical,Automated Testing,500.88,4,16,Friday
402,41,functional,23-02-2024,Internal,Minor,Manual Testing,477.42,2,8,Friday
403,6,cosmetic,09-05-2024,Surface,Minor,Manual Testing,810.57,5,19,Thursday
404,47,structural,01-05-2024,Surface,Minor,Automated Testing,945.16,5,18,Wednesday
405,4,functional,24-03-2024,Internal,Minor,Visual Inspection,325.31,3,12,Sunday
406,39,functional,11-04-2024,Component,Moderate,Visual Inspection,810.44,4,15,Thursday
407,10,functional,30-05-2024,Internal,Critical,Visual Inspection,623.76,5,22,Thursday
408,45,structural,24-06-2024,Internal,Minor,Visual Inspection,375.28,6,26,Monday
409,46,functional,05-03-2024,Surface,Minor,Automated Testing,474.48,3,10,Tuesday
410,5,cosmetic,13-03-2024,Surface,Moderate,Visual Inspection,636.39,3,11,Wednesday
411,86,functional,28-02-2024,Component,Minor,Visual Inspection,957.36,2,9,Wednesday
412,97,functional,02-02-2024,Internal,Minor,Automated Testing,66.98,2,5,Friday
413,20,structural,05-04-2024,Internal,Minor,Visual Inspection,608.64,4,14,Friday
414,36,structural,04-02-2024,Component,Moderate,Automated Testing,75.93,2,5,Sunday
415,7,structural,12-06-2024,Component,Critical,Automated Testing,477.58,6,24,Wednesday
416,53,cosmetic,17-05-2024,Component,Moderate,Automated Testing,252.11,5,20,Friday
417,37,cosmetic,16-04-2024,Component,Critical,Visual Inspection,987.71,4,16,Tuesday
418,81,functional,23-03-2024,Internal,Moderate,Manual Testing,464.04,3,12,Saturday
419,61,functional,13-02-2024,Component,Minor,Visual Inspection,694.29,2,7,Tuesday
420,56,structural,20-04-2024,Surface,Critical,Automated Testing,829.49,4,16,Saturday
421,79,functional,09-01-2024,Internal,Minor,Visual Inspection,466.04,1,2,Tuesday
422,12,functional,11-04-2024,Internal,Moderate,Manual Testing,101.05,4,15,Thursday
423,66,cosmetic,04-01-2024,Internal,Critical,Automated Testing,748.29,1,1,Thursday
424,27,structural,27-03-2024,Component,Moderate,Visual Inspection,438.54,3,13,Wednesday
425,88,functional,25-02-2024,Component,Moderate,Visual Inspection,834.57,2,8,Sunday
426,62,functional,23-05-2024,Internal,Critical,Manual Testing,655.02,5,21,Thursday
427,10,structural,22-03-2024,Surface,Critical,Manual Testing,342.61,3,12,Friday
428,61,structural,26-03-2024,Internal,Critical,Visual Inspection,539.5,3,13,Tuesday
429,15,functional,19-06-2024,Component,Moderate,Visual Inspection,487.41,6,25,Wednesday
430,72,structural,27-06-2024,Surface,Minor,Automated Testing,212.86,6,26,Thursday
431,77,functional,13-05-2024,Surface,Critical,Visual Inspection,873.59,5,20,Monday
432,56,cosmetic,25-02-2024,Surface,Moderate,Automated Testing,389.21,2,8,Sunday
433,18,cosmetic,03-05-2024,Component,Minor,Automated Testing,34.48,5,18,Friday
434,42,functional,12-05-2024,Surface,Minor,Manual Testing,235.97,5,19,Sunday
435,41,structural,08-04-2024,Surface,Moderate,Visual Inspection,575.15,4,15,Monday
436,44,structural,18-06-2024,Surface,Minor,Visual Inspection,182.54,6,25,Tuesday
437,82,cosmetic,06-05-2024,Component,Minor,Automated Testing,752.8,5,19,Monday
438,39,functional,12-01-2024,Component,Critical,Visual Inspection,214.33,1,2,Friday
439,63,functional,13-03-2024,Surface,Moderate,Visual Inspection,716.26,3,11,Wednesday
440,78,structural,03-03-2024,Surface,Critical,Visual Inspection,608.46,3,9,Sunday
441,92,structural,18-06-2024,Internal,Moderate,Automated Testing,255.47,6,25,Tuesday
442,92,structural,06-02-2024,Component,Minor,Manual Testing,914.32,2,6,Tuesday
443,16,cosmetic,25-06-2024,Internal,Critical,Automated Testing,519.15,6,26,Tuesday
444,63,functional,08-02-2024,Internal,Moderate,Manual Testing,816.09,2,6,Thursday
445,65,functional,23-03-2024,Component,Minor,Manual Testing,481.11,3,12,Saturday
446,60,cosmetic,20-01-2024,Component,Moderate,Automated Testing,780.05,1,3,Saturday
447,58,structural,09-01-2024,Internal,Minor,Automated Testing,750.51,1,2,Tuesday
448,69,functional,10-05-2024,Component,Moderate,Manual Testing,908.59,5,19,Friday
449,7,functional,10-03-2024,Component,Moderate,Visual Inspection,705.47,3,10,Sunday
450,80,functional,23-04-2024,Internal,Minor,Automated Testing,406.28,4,17,Tuesday
451,55,functional,02-01-2024,Internal,Critical,Manual Testing,295.41,1,1,Tuesday
452,6,structural,04-03-2024,Internal,Critical,Visual Inspection,903.36,3,10,Monday
453,86,structural,17-05-2024,Component,Moderate,Manual Testing,803.65,5,20,Friday
454,70,functional,30-03-2024,Component,Moderate,Automated Testing,359.69,3,13,Saturday
455,50,structural,30-03-2024,Component,Moderate,Manual Testing,699.69,3,13,Saturday
456,20,structural,05-04-2024,Surface,Critical,Manual Testing,281.81,4,14,Friday
457,63,structural,11-04-2024,Surface,Minor,Automated Testing,896.04,4,15,Thursday
458,66,functional,23-04-2024,Internal,Moderate,Visual Inspection,587.69,4,17,Tuesday
459,64,functional,26-02-2024,Component,Moderate,Automated Testing,623.52,2,9,Monday
460,66,structural,11-06-2024,Component,Minor,Visual Inspection,668.05,6,24,Tuesday
461,95,functional,02-03-2024,Internal,Minor,Visual Inspection,571.02,3,9,Saturday
462,56,structural,18-02-2024,Internal,Minor,Manual Testing,918.39,2,7,Sunday
463,75,functional,15-03-2024,Surface,Minor,Automated Testing,669.62,3,11,Friday
464,81,functional,27-01-2024,Component,Moderate,Visual Inspection,581.01,1,4,Saturday
465,39,structural,20-05-2024,Internal,Minor,Manual Testing,899.45,5,21,Monday
466,57,cosmetic,05-01-2024,Surface,Critical,Visual Inspection,764.59,1,1,Friday
467,83,cosmetic,28-02-2024,Internal,Moderate,Automated Testing,150.16,2,9,Wednesday
468,98,functional,26-03-2024,Internal,Minor,Visual Inspection,791.72,3,13,Tuesday
469,90,functional,28-04-2024,Surface,Moderate,Manual Testing,15.1,4,17,Sunday
470,76,structural,22-02-2024,Component,Minor,Visual Inspection,466.92,2,8,Thursday
471,89,cosmetic,24-03-2024,Internal,Minor,Manual Testing,833.02,3,12,Sunday
472,43,functional,24-03-2024,Internal,Critical,Visual Inspection,907.98,3,12,Sunday
473,38,structural,25-02-2024,Internal,Minor,Manual Testing,652.85,2,8,Sunday
474,62,cosmetic,04-02-2024,Component,Moderate,Automated Testing,618.88,2,5,Sunday
475,97,cosmetic,16-03-2024,Surface,Moderate,Manual Testing,140.36,3,11,Saturday
476,86,cosmetic,01-02-2024,Internal,Critical,Visual Inspection,683.68,2,5,Thursday
477,38,functional,23-02-2024,Component,Critical,Visual Inspection,613.47,2,8,Friday
478,58,functional,18-01-2024,Surface,Moderate,Visual Inspection,895.11,1,3,Thursday
479,32,cosmetic,07-06-2024,Component,Critical,Visual Inspection,515.94,6,23,Friday
480,78,functional,07-01-2024,Internal,Minor,Automated Testing,293.09,1,1,Sunday
481,66,cosmetic,02-06-2024,Surface,Critical,Automated Testing,689.42,6,22,Sunday
482,68,structural,16-06-2024,Surface,Critical,Visual Inspection,148.53,6,24,Sunday
483,10,structural,17-02-2024,Component,Moderate,Visual Inspection,933.3,2,7,Saturday
484,77,cosmetic,10-02-2024,Internal,Minor,Manual Testing,336.75,2,6,Saturday
485,50,structural,29-02-2024,Surface,Minor,Manual Testing,223.73,2,9,Thursday
486,97,cosmetic,29-03-2024,Internal,Critical,Automated Testing,236.47,3,13,Friday
487,26,cosmetic,13-03-2024,Internal,Critical,Manual Testing,647.11,3,11,Wednesday
488,51,cosmetic,04-04-2024,Surface,Minor,Automated Testing,268.57,4,14,Thursday
489,57,cosmetic,10-05-2024,Internal,Minor,Visual Inspection,405.89,5,19,Friday
490,12,functional,11-03-2024,Internal,Minor,Manual Testing,643.98,3,11,Monday
491,90,functional,19-02-2024,Internal,Critical,Manual Testing,183.11,2,8,Monday
492,79,functional,21-04-2024,Component,Moderate,Visual Inspection,878.64,4,16,Sunday
493,58,functional,09-06-2024,Component,Critical,Manual Testing,702.09,6,23,Sunday
494,31,structural,01-03-2024,Internal,Critical,Visual Inspection,823.59,3,9,Friday
495,49,structural,28-01-2024,Surface,Moderate,Automated Testing,294.56,1,4,Sunday
496,6,functional,16-01-2024,Internal,Critical,Visual Inspection,533.14,1,3,Tuesday
497,49,functional,28-03-2024,Component,Critical,Visual Inspection,975.5,3,13,Thursday
498,87,cosmetic,17-06-2024,Internal,Moderate,Visual Inspection,707.21,6,25,Monday
499,60,cosmetic,01-04-2024,Surface,Moderate,Visual Inspection,775.91,4,14,Monday
500,100,functional,19-04-2024,Surface,Moderate,Manual Testing,617.36,4,16,Friday
501,46,structural,13-01-2024,Surface,Minor,Visual Inspection,922.52,1,2,Saturday
502,62,structural,26-04-2024,Surface,Minor,Automated Testing,81.91,4,17,Friday
503,91,cosmetic,13-06-2024,Surface,Critical,Manual Testing,40.19,6,24,Thursday
504,74,cosmetic,26-05-2024,Internal,Moderate,Manual Testing,943.79,5,21,Sunday
505,92,structural,11-04-2024,Surface,Minor,Visual Inspection,411.9,4,15,Thursday
506,66,structural,05-05-2024,Internal,Critical,Visual Inspection,759.53,5,18,Sunday
507,81,cosmetic,15-01-2024,Component,Critical,Manual Testing,368.11,1,3,Monday
508,41,functional,04-04-2024,Surface,Moderate,Visual Inspection,27.9,4,14,Thursday
509,91,structural,21-04-2024,Internal,Critical,Automated Testing,670.09,4,16,Sunday
510,35,functional,24-05-2024,Internal,Critical,Automated Testing,790.76,5,21,Friday
511,12,cosmetic,20-06-2024,Internal,Moderate,Manual Testing,769.88,6,25,Thursday
512,77,cosmetic,06-05-2024,Internal,Critical,Automated Testing,262.6,5,19,Monday
513,11,cosmetic,23-03-2024,Surface,Moderate,Visual Inspection,520.44,3,12,Saturday
514,93,structural,19-05-2024,Component,Minor,Visual Inspection,624.75,5,20,Sunday
515,3,structural,22-03-2024,Internal,Moderate,Manual Testing,496.27,3,12,Friday
516,43,functional,20-06-2024,Component,Moderate,Automated Testing,368.54,6,25,Thursday
517,88,cosmetic,12-06-2024,Internal,Moderate,Manual Testing,942.94,6,24,Wednesday
518,4,cosmetic,28-03-2024,Internal,Critical,Automated Testing,449.63,3,13,Thursday
519,96,functional,18-06-2024,Internal,Critical,Manual Testing,117.82,6,25,Tuesday
520,75,functional,12-05-2024,Internal,Critical,Visual Inspection,300.05,5,19,Sunday
521,86,structural,07-01-2024,Surface,Critical,Visual Inspection,975.1,1,1,Sunday
522,70,structural,13-01-2024,Surface,Critical,Manual Testing,74.36,1,2,Saturday
523,6,functional,08-01-2024,Component,Moderate,Automated Testing,924.05,1,2,Monday
524,14,cosmetic,10-02-2024,Surface,Minor,Visual Inspection,132.39,2,6,Saturday
525,77,functional,24-02-2024,Surface,Critical,Manual Testing,893.77,2,8,Saturday
526,65,structural,10-02-2024,Surface,Minor,Manual Testing,142.64,2,6,Saturday
527,70,structural,19-04-2024,Component,Minor,Manual Testing,368.94,4,16,Friday
528,8,functional,10-06-2024,Internal,Minor,Automated Testing,997.03,6,24,Monday
529,54,structural,02-01-2024,Surface,Minor,Manual Testing,496.1,1,1,Tuesday
530,98,functional,02-02-2024,Surface,Critical,Automated Testing,798.12,2,5,Friday
531,82,cosmetic,08-02-2024,Internal,Critical,Visual Inspection,572.74,2,6,Thursday
532,6,structural,10-02-2024,Surface,Critical,Manual Testing,53.77,2,6,Saturday
533,49,cosmetic,03-04-2024,Surface,Minor,Visual Inspection,369.83,4,14,Wednesday
534,14,cosmetic,11-04-2024,Surface,Minor,Visual Inspection,398.17,4,15,Thursday
535,88,structural,21-03-2024,Internal,Critical,Automated Testing,825.57,3,12,Thursday
536,8,functional,13-05-2024,Internal,Critical,Automated Testing,201.88,5,20,Monday
537,91,cosmetic,13-06-2024,Component,Critical,Visual Inspection,47.47,6,24,Thursday
538,1,structural,11-05-2024,Component,Moderate,Automated Testing,856.33,5,19,Saturday
539,15,cosmetic,12-05-2024,Internal,Moderate,Manual Testing,497.65,5,19,Sunday
540,20,cosmetic,14-02-2024,Internal,Minor,Manual Testing,908.53,2,7,Wednesday
541,16,cosmetic,29-04-2024,Component,Critical,Manual Testing,371.88,4,18,Monday
542,49,functional,25-06-2024,Surface,Moderate,Manual Testing,960.15,6,26,Tuesday
543,76,structural,18-03-2024,Component,Minor,Visual Inspection,73.55,3,12,Monday
544,56,cosmetic,12-01-2024,Component,Minor,Automated Testing,615.43,1,2,Friday
545,21,structural,17-06-2024,Component,Minor,Visual Inspection,619.02,6,25,Monday
546,17,functional,15-01-2024,Component,Minor,Manual Testing,677.64,1,3,Monday
547,10,cosmetic,25-02-2024,Surface,Moderate,Visual Inspection,684.16,2,8,Sunday
548,90,functional,26-03-2024,Internal,Critical,Automated Testing,536.37,3,13,Tuesday
549,8,cosmetic,22-01-2024,Surface,Minor,Visual Inspection,47.22,1,4,Monday
550,27,structural,26-05-2024,Surface,Minor,Automated Testing,704.44,5,21,Sunday
551,87,functional,15-04-2024,Surface,Minor,Automated Testing,512.02,4,16,Monday
552,93,structural,04-06-2024,Component,Minor,Automated Testing,36.04,6,23,Tuesday
553,12,functional,10-01-2024,Surface,Critical,Manual Testing,811.65,1,2,Wednesday
554,30,functional,28-01-2024,Internal,Critical,Automated Testing,900.37,1,4,Sunday
555,4,functional,06-03-2024,Component,Minor,Automated Testing,644.51,3,10,Wednesday
556,71,functional,11-02-2024,Surface,Minor,Visual Inspection,355.85,2,6,Sunday
557,97,functional,03-03-2024,Internal,Minor,Manual Testing,945.18,3,9,Sunday
558,12,structural,13-04-2024,Internal,Minor,Visual Inspection,201.79,4,15,Saturday
559,17,cosmetic,26-02-2024,Internal,Minor,Manual Testing,73,2,9,Monday
560,94,cosmetic,09-01-2024,Surface,Moderate,Manual Testing,769.57,1,2,Tuesday
561,45,functional,27-03-2024,Surface,Moderate,Automated Testing,930.11,3,13,Wednesday
562,72,cosmetic,15-01-2024,Internal,Moderate,Manual Testing,554.98,1,3,Monday
563,56,functional,13-02-2024,Component,Minor,Automated Testing,826.59,2,7,Tuesday
564,93,functional,18-02-2024,Surface,Critical,Manual Testing,362.82,2,7,Sunday
565,58,structural,15-01-2024,Surface,Minor,Manual Testing,946.8,1,3,Monday
566,96,cosmetic,17-02-2024,Internal,Minor,Automated Testing,192.28,2,7,Saturday
567,38,functional,04-04-2024,Internal,Critical,Automated Testing,383.41,4,14,Thursday
568,62,structural,19-03-2024,Surface,Minor,Automated Testing,132.83,3,12,Tuesday
569,97,functional,14-05-2024,Component,Critical,Automated Testing,904.32,5,20,Tuesday
570,12,cosmetic,22-03-2024,Internal,Critical,Visual Inspection,944.63,3,12,Friday
571,47,functional,19-04-2024,Surface,Critical,Manual Testing,524.5,4,16,Friday
572,73,structural,17-02-2024,Internal,Critical,Visual Inspection,976.75,2,7,Saturday
573,46,cosmetic,27-02-2024,Internal,Critical,Visual Inspection,508.94,2,9,Tuesday
574,5,functional,21-01-2024,Component,Critical,Visual Inspection,565.86,1,3,Sunday
575,72,functional,07-03-2024,Component,Minor,Visual Inspection,151.62,3,10,Thursday
576,99,structural,10-04-2024,Surface,Critical,Automated Testing,394.88,4,15,Wednesday
577,1,functional,21-04-2024,Surface,Critical,Visual Inspection,404.22,4,16,Sunday
578,26,structural,09-06-2024,Component,Minor,Visual Inspection,564.82,6,23,Sunday
579,100,structural,12-04-2024,Internal,Minor,Manual Testing,722.21,4,15,Friday
580,15,structural,04-03-2024,Internal,Moderate,Visual Inspection,16.05,3,10,Monday
581,9,functional,20-06-2024,Internal,Moderate,Manual Testing,666.31,6,25,Thursday
582,80,cosmetic,08-06-2024,Component,Moderate,Automated Testing,346.73,6,23,Saturday
583,86,structural,29-06-2024,Internal,Moderate,Automated Testing,138.42,6,26,Saturday
584,42,structural,29-06-2024,Component,Minor,Visual Inspection,663.53,6,26,Saturday
585,19,structural,01-06-2024,Surface,Critical,Automated Testing,150.78,6,22,Saturday
586,97,cosmetic,11-03-2024,Surface,Critical,Automated Testing,503.25,3,11,Monday
587,68,structural,03-02-2024,Surface,Moderate,Manual Testing,576.57,2,5,Saturday
588,40,structural,26-02-2024,Surface,Moderate,Visual Inspection,204.6,2,9,Monday
589,8,structural,03-03-2024,Internal,Moderate,Visual Inspection,410.72,3,9,Sunday
590,90,structural,17-02-2024,Component,Minor,Manual Testing,50.38,2,7,Saturday
591,90,functional,09-02-2024,Surface,Moderate,Manual Testing,400.31,2,6,Friday
592,7,structural,01-06-2024,Internal,Minor,Automated Testing,301.7,6,22,Saturday
593,73,functional,23-06-2024,Surface,Moderate,Visual Inspection,64.74,6,25,Sunday
594,96,cosmetic,14-01-2024,Surface,Moderate,Automated Testing,485.27,1,2,Sunday
595,60,cosmetic,21-06-2024,Surface,Moderate,Automated Testing,194.44,6,25,Friday
596,74,structural,16-06-2024,Internal,Moderate,Automated Testing,891.01,6,24,Sunday
597,26,cosmetic,19-04-2024,Internal,Critical,Automated Testing,267.51,4,16,Friday
598,50,functional,08-06-2024,Component,Critical,Automated Testing,151.43,6,23,Saturday
599,36,functional,20-04-2024,Internal,Critical,Manual Testing,297.76,4,16,Saturday
600,46,cosmetic,21-04-2024,Component,Critical,Manual Testing,663.35,4,16,Sunday
601,46,structural,24-04-2024,Internal,Moderate,Visual Inspection,927.75,4,17,Wednesday
602,74,cosmetic,10-02-2024,Surface,Moderate,Visual Inspection,283.6,2,6,Saturday
603,45,structural,21-03-2024,Surface,Moderate,Manual Testing,919.65,3,12,Thursday
604,100,functional,25-03-2024,Surface,Critical,Visual Inspection,302.29,3,13,Monday
605,63,functional,27-05-2024,Surface,Moderate,Automated Testing,309.53,5,22,Monday
606,63,structural,13-04-2024,Surface,Minor,Manual Testing,478.6,4,15,Saturday
607,75,cosmetic,30-05-2024,Component,Minor,Visual Inspection,419.58,5,22,Thursday
608,5,cosmetic,25-03-2024,Surface,Minor,Automated Testing,685.3,3,13,Monday
609,5,structural,06-05-2024,Internal,Critical,Visual Inspection,390.64,5,19,Monday
610,81,cosmetic,12-05-2024,Internal,Minor,Manual Testing,837.9,5,19,Sunday
611,80,functional,20-01-2024,Internal,Minor,Manual Testing,67.82,1,3,Saturday
612,56,structural,13-04-2024,Internal,Minor,Manual Testing,21.12,4,15,Saturday
613,68,structural,08-01-2024,Surface,Moderate,Visual Inspection,700.72,1,2,Monday
614,67,cosmetic,18-01-2024,Surface,Critical,Manual Testing,893.3,1,3,Thursday
615,53,cosmetic,02-03-2024,Surface,Moderate,Automated Testing,736.75,3,9,Saturday
616,81,functional,09-03-2024,Internal,Critical,Manual Testing,803.54,3,10,Saturday
617,47,functional,23-03-2024,Internal,Moderate,Automated Testing,21.17,3,12,Saturday
618,92,functional,29-02-2024,Component,Minor,Manual Testing,678.59,2,9,Thursday
619,87,functional,18-02-2024,Component,Moderate,Automated Testing,220.01,2,7,Sunday
620,51,cosmetic,03-02-2024,Internal,Critical,Manual Testing,251.67,2,5,Saturday
621,61,structural,10-04-2024,Surface,Critical,Manual Testing,808.85,4,15,Wednesday
622,87,structural,06-01-2024,Internal,Minor,Manual Testing,537.35,1,1,Saturday
623,8,cosmetic,06-04-2024,Component,Moderate,Manual Testing,178.3,4,14,Saturday
624,56,cosmetic,09-01-2024,Internal,Critical,Visual Inspection,638.8,1,2,Tuesday
625,98,functional,24-06-2024,Internal,Critical,Automated Testing,770.66,6,26,Monday
626,7,structural,19-04-2024,Component,Minor,Visual Inspection,289.27,4,16,Friday
627,24,structural,15-05-2024,Component,Minor,Automated Testing,779.02,5,20,Wednesday
628,23,structural,04-01-2024,Surface,Moderate,Automated Testing,704.06,1,1,Thursday
629,43,functional,16-04-2024,Internal,Critical,Visual Inspection,546.42,4,16,Tuesday
630,95,functional,23-06-2024,Component,Moderate,Visual Inspection,780.89,6,25,Sunday
631,13,cosmetic,03-05-2024,Surface,Minor,Manual Testing,303.08,5,18,Friday
632,72,structural,04-05-2024,Internal,Minor,Automated Testing,557.57,5,18,Saturday
633,28,functional,28-01-2024,Component,Minor,Manual Testing,222.11,1,4,Sunday
634,94,functional,23-05-2024,Internal,Minor,Visual Inspection,575.47,5,21,Thursday
635,60,structural,14-06-2024,Component,Minor,Automated Testing,478.44,6,24,Friday
636,17,functional,05-02-2024,Surface,Moderate,Visual Inspection,32.62,2,6,Monday
637,21,functional,29-05-2024,Component,Critical,Automated Testing,121.29,5,22,Wednesday
638,89,cosmetic,07-04-2024,Component,Moderate,Automated Testing,967.29,4,14,Sunday
639,43,cosmetic,17-01-2024,Surface,Moderate,Visual Inspection,200.29,1,3,Wednesday
640,5,cosmetic,21-06-2024,Internal,Minor,Automated Testing,185,6,25,Friday
641,7,functional,30-01-2024,Internal,Moderate,Manual Testing,959.61,1,5,Tuesday
642,28,structural,26-01-2024,Component,Critical,Visual Inspection,170.66,1,4,Friday
643,27,cosmetic,17-06-2024,Component,Minor,Visual Inspection,563.94,6,25,Monday
644,58,cosmetic,08-06-2024,Internal,Minor,Automated Testing,52.03,6,23,Saturday
645,33,functional,07-06-2024,Component,Critical,Automated Testing,474.62,6,23,Friday
646,20,structural,14-01-2024,Surface,Moderate,Visual Inspection,263.76,1,2,Sunday
647,11,cosmetic,03-05-2024,Component,Moderate,Automated Testing,758.91,5,18,Friday
648,31,cosmetic,09-01-2024,Component,Critical,Visual Inspection,59.04,1,2,Tuesday
649,76,cosmetic,11-01-2024,Internal,Moderate,Visual Inspection,647.01,1,2,Thursday
650,32,cosmetic,21-05-2024,Internal,Moderate,Manual Testing,451.58,5,21,Tuesday
651,34,structural,09-02-2024,Internal,Minor,Manual Testing,221.25,2,6,Friday
652,66,cosmetic,19-04-2024,Component,Critical,Manual Testing,194.9,4,16,Friday
653,62,functional,29-02-2024,Surface,Minor,Automated Testing,433.75,2,9,Thursday
654,86,cosmetic,19-06-2024,Surface,Critical,Automated Testing,264.85,6,25,Wednesday
655,91,cosmetic,16-03-2024,Surface,Moderate,Automated Testing,230.68,3,11,Saturday
656,63,cosmetic,21-06-2024,Surface,Minor,Visual Inspection,836.11,6,25,Friday
657,73,structural,27-03-2024,Surface,Critical,Manual Testing,703.94,3,13,Wednesday
658,94,structural,09-06-2024,Surface,Moderate,Visual Inspection,814.84,6,23,Sunday
659,88,structural,19-01-2024,Component,Minor,Visual Inspection,153.25,1,3,Friday
660,12,functional,28-03-2024,Internal,Minor,Visual Inspection,324.09,3,13,Thursday
661,48,structural,06-02-2024,Component,Moderate,Visual Inspection,436.9,2,6,Tuesday
662,35,cosmetic,17-06-2024,Surface,Minor,Manual Testing,917.26,6,25,Monday
663,25,cosmetic,13-01-2024,Component,Critical,Automated Testing,45.26,1,2,Saturday
664,47,functional,26-01-2024,Surface,Critical,Visual Inspection,416.2,1,4,Friday
665,55,functional,16-05-2024,Component,Minor,Manual Testing,246.83,5,20,Thursday
666,45,structural,03-01-2024,Component,Critical,Visual Inspection,824.28,1,1,Wednesday
667,12,cosmetic,02-06-2024,Surface,Minor,Visual Inspection,680.74,6,22,Sunday
668,33,structural,26-02-2024,Surface,Critical,Automated Testing,376.62,2,9,Monday
669,3,functional,10-01-2024,Surface,Moderate,Manual Testing,400.79,1,2,Wednesday
670,15,structural,19-02-2024,Component,Critical,Visual Inspection,496.72,2,8,Monday
671,45,structural,21-04-2024,Component,Moderate,Manual Testing,369.13,4,16,Sunday
672,16,functional,19-05-2024,Internal,Moderate,Automated Testing,916.45,5,20,Sunday
673,63,functional,01-05-2024,Internal,Minor,Visual Inspection,152.08,5,18,Wednesday
674,63,structural,06-01-2024,Surface,Moderate,Visual Inspection,373.52,1,1,Saturday
675,96,cosmetic,12-05-2024,Surface,Critical,Visual Inspection,345.64,5,19,Sunday
676,4,cosmetic,06-04-2024,Internal,Critical,Visual Inspection,33.95,4,14,Saturday
677,2,structural,04-01-2024,Component,Critical,Visual Inspection,478.44,1,1,Thursday
678,19,functional,20-03-2024,Component,Critical,Manual Testing,884.03,3,12,Wednesday
679,61,structural,23-01-2024,Internal,Critical,Visual Inspection,113.64,1,4,Tuesday
680,5,structural,19-01-2024,Component,Moderate,Visual Inspection,479.38,1,3,Friday
681,8,structural,16-01-2024,Internal,Critical,Visual Inspection,395.56,1,3,Tuesday
682,6,structural,13-01-2024,Component,Moderate,Manual Testing,290.66,1,2,Saturday
683,18,cosmetic,25-02-2024,Component,Minor,Visual Inspection,309.32,2,8,Sunday
684,33,structural,16-03-2024,Component,Moderate,Manual Testing,28.05,3,11,Saturday
685,40,structural,24-06-2024,Surface,Critical,Visual Inspection,37.69,6,26,Monday
686,35,cosmetic,23-01-2024,Internal,Critical,Automated Testing,293.44,1,4,Tuesday
687,99,functional,16-03-2024,Component,Minor,Visual Inspection,249.02,3,11,Saturday
688,65,structural,18-02-2024,Surface,Minor,Manual Testing,327.88,2,7,Sunday
689,56,cosmetic,09-03-2024,Surface,Critical,Manual Testing,749.31,3,10,Saturday
690,96,cosmetic,26-05-2024,Component,Minor,Automated Testing,19.23,5,21,Sunday
691,4,functional,31-05-2024,Internal,Critical,Manual Testing,470.43,5,22,Friday
692,67,cosmetic,18-02-2024,Component,Critical,Automated Testing,135.49,2,7,Sunday
693,95,structural,26-06-2024,Component,Minor,Manual Testing,531.4,6,26,Wednesday
694,18,cosmetic,16-02-2024,Surface,Critical,Manual Testing,205.83,2,7,Friday
695,97,cosmetic,20-04-2024,Component,Moderate,Visual Inspection,547.02,4,16,Saturday
696,84,functional,06-01-2024,Component,Moderate,Visual Inspection,459.29,1,1,Saturday
697,51,cosmetic,02-04-2024,Surface,Critical,Manual Testing,762.32,4,14,Tuesday
698,34,cosmetic,29-03-2024,Component,Moderate,Visual Inspection,684.85,3,13,Friday
699,1,cosmetic,04-04-2024,Component,Critical,Automated Testing,940.9,4,14,Thursday
700,41,cosmetic,13-02-2024,Surface,Minor,Manual Testing,894.66,2,7,Tuesday
701,67,functional,30-03-2024,Component,Minor,Manual Testing,10.44,3,13,Saturday
702,43,cosmetic,20-04-2024,Component,Minor,Visual Inspection,878.23,4,16,Saturday
703,34,structural,31-01-2024,Internal,Minor,Automated Testing,164.64,1,5,Wednesday
704,7,structural,02-02-2024,Internal,Critical,Visual Inspection,132.46,2,5,Friday
705,54,functional,03-02-2024,Internal,Moderate,Automated Testing,789.51,2,5,Saturday
706,37,functional,24-05-2024,Component,Moderate,Visual Inspection,969.4,5,21,Friday
707,86,functional,14-03-2024,Surface,Critical,Automated Testing,667.18,3,11,Thursday
708,22,functional,09-04-2024,Component,Minor,Manual Testing,781.35,4,15,Tuesday
709,79,functional,10-03-2024,Component,Minor,Automated Testing,711.6,3,10,Sunday
710,4,cosmetic,26-06-2024,Surface,Moderate,Visual Inspection,91.9,6,26,Wednesday
711,36,cosmetic,28-05-2024,Internal,Minor,Manual Testing,767.74,5,22,Tuesday
712,74,structural,30-03-2024,Surface,Minor,Visual Inspection,535.88,3,13,Saturday
713,36,structural,29-02-2024,Internal,Critical,Automated Testing,390.43,2,9,Thursday
714,66,cosmetic,04-06-2024,Component,Minor,Visual Inspection,932.34,6,23,Tuesday
715,27,functional,21-04-2024,Surface,Moderate,Manual Testing,763.5,4,16,Sunday
716,86,structural,05-04-2024,Surface,Minor,Visual Inspection,438.58,4,14,Friday
717,84,cosmetic,01-01-2024,Internal,Minor,Manual Testing,147.94,1,1,Monday
718,33,cosmetic,11-03-2024,Internal,Minor,Automated Testing,967.35,3,11,Monday
719,18,cosmetic,04-04-2024,Internal,Minor,Manual Testing,909.42,4,14,Thursday
720,77,functional,02-02-2024,Internal,Moderate,Manual Testing,617.24,2,5,Friday
721,44,cosmetic,26-04-2024,Component,Moderate,Manual Testing,552,4,17,Friday
722,76,structural,10-03-2024,Internal,Minor,Manual Testing,746.64,3,10,Sunday
723,25,structural,27-01-2024,Internal,Critical,Visual Inspection,133.43,1,4,Saturday
724,58,structural,21-02-2024,Surface,Moderate,Manual Testing,437.82,2,8,Wednesday
725,15,cosmetic,27-03-2024,Surface,Minor,Visual Inspection,713.29,3,13,Wednesday
726,24,cosmetic,25-02-2024,Surface,Critical,Automated Testing,321.04,2,8,Sunday
727,92,functional,12-01-2024,Surface,Minor,Automated Testing,988.41,1,2,Friday
728,5,structural,10-01-2024,Component,Critical,Manual Testing,164.56,1,2,Wednesday
729,74,structural,28-02-2024,Component,Moderate,Manual Testing,357.07,2,9,Wednesday
730,31,structural,19-03-2024,Surface,Minor,Automated Testing,189.23,3,12,Tuesday
731,37,cosmetic,30-05-2024,Component,Moderate,Manual Testing,840.24,5,22,Thursday
732,44,structural,21-02-2024,Internal,Minor,Automated Testing,630.5,2,8,Wednesday
733,28,functional,06-02-2024,Surface,Moderate,Manual Testing,584.54,2,6,Tuesday
734,85,functional,16-02-2024,Surface,Moderate,Automated Testing,995.47,2,7,Friday
735,60,structural,12-02-2024,Surface,Critical,Manual Testing,894.31,2,7,Monday
736,63,functional,21-01-2024,Component,Minor,Automated Testing,420.57,1,3,Sunday
737,46,structural,14-04-2024,Component,Moderate,Visual Inspection,71.86,4,15,Sunday
738,81,structural,04-05-2024,Internal,Minor,Manual Testing,895.96,5,18,Saturday
739,98,cosmetic,04-02-2024,Component,Moderate,Manual Testing,491.28,2,5,Sunday
740,79,functional,23-04-2024,Internal,Moderate,Manual Testing,63.99,4,17,Tuesday
741,91,cosmetic,06-04-2024,Internal,Minor,Visual Inspection,409.99,4,14,Saturday
742,51,cosmetic,06-01-2024,Internal,Critical,Automated Testing,391.78,1,1,Saturday
743,27,cosmetic,24-01-2024,Internal,Minor,Manual Testing,921.78,1,4,Wednesday
744,30,cosmetic,10-06-2024,Component,Minor,Manual Testing,789.34,6,24,Monday
745,97,cosmetic,08-05-2024,Internal,Moderate,Visual Inspection,862.7,5,19,Wednesday
746,93,structural,09-02-2024,Component,Minor,Manual Testing,395.02,2,6,Friday
747,52,cosmetic,03-03-2024,Surface,Minor,Visual Inspection,507.39,3,9,Sunday
748,41,cosmetic,14-02-2024,Internal,Moderate,Manual Testing,990.02,2,7,Wednesday
749,64,functional,17-06-2024,Component,Minor,Visual Inspection,466.97,6,25,Monday
750,9,functional,23-03-2024,Surface,Moderate,Manual Testing,49.52,3,12,Saturday
751,42,functional,14-01-2024,Component,Minor,Manual Testing,543.93,1,2,Sunday
752,81,functional,12-05-2024,Surface,Moderate,Automated Testing,688.91,5,19,Sunday
753,83,cosmetic,08-01-2024,Surface,Critical,Visual Inspection,140.96,1,2,Monday
754,17,structural,13-01-2024,Component,Minor,Manual Testing,624.69,1,2,Saturday
755,90,cosmetic,01-01-2024,Component,Critical,Manual Testing,317.5,1,1,Monday
756,77,functional,12-06-2024,Component,Minor,Manual Testing,363.84,6,24,Wednesday
757,40,functional,17-03-2024,Surface,Moderate,Manual Testing,472.15,3,11,Sunday
758,12,cosmetic,22-01-2024,Internal,Moderate,Automated Testing,765.19,1,4,Monday
759,40,cosmetic,23-03-2024,Surface,Moderate,Manual Testing,551.79,3,12,Saturday
760,31,structural,22-06-2024,Surface,Critical,Manual Testing,950.2,6,25,Saturday
761,67,functional,05-01-2024,Component,Critical,Automated Testing,749.01,1,1,Friday
762,27,cosmetic,15-02-2024,Internal,Critical,Manual Testing,917.24,2,7,Thursday
763,44,cosmetic,24-04-2024,Component,Minor,Automated Testing,527.76,4,17,Wednesday
764,40,structural,26-04-2024,Internal,Minor,Visual Inspection,615.24,4,17,Friday
765,70,structural,26-04-2024,Component,Minor,Visual Inspection,610.26,4,17,Friday
766,49,cosmetic,06-04-2024,Component,Moderate,Visual Inspection,305.36,4,14,Saturday
767,81,structural,23-03-2024,Component,Minor,Automated Testing,753.7,3,12,Saturday
768,48,cosmetic,09-01-2024,Internal,Moderate,Visual Inspection,67.49,1,2,Tuesday
769,83,structural,26-06-2024,Component,Minor,Visual Inspection,655.26,6,26,Wednesday
770,56,structural,24-04-2024,Surface,Moderate,Visual Inspection,119.28,4,17,Wednesday
771,97,structural,13-01-2024,Internal,Critical,Manual Testing,617.35,1,2,Saturday
772,1,cosmetic,11-06-2024,Surface,Critical,Manual Testing,514.52,6,24,Tuesday
773,57,functional,30-03-2024,Component,Minor,Automated Testing,552.3,3,13,Saturday
774,35,structural,17-03-2024,Surface,Critical,Manual Testing,957.27,3,11,Sunday
775,22,cosmetic,16-05-2024,Surface,Minor,Visual Inspection,379.78,5,20,Thursday
776,37,structural,02-05-2024,Surface,Minor,Automated Testing,20.93,5,18,Thursday
777,59,functional,31-05-2024,Component,Moderate,Visual Inspection,698.16,5,22,Friday
778,31,functional,16-01-2024,Component,Critical,Manual Testing,270.7,1,3,Tuesday
779,71,structural,24-03-2024,Internal,Critical,Manual Testing,733.76,3,12,Sunday
780,81,functional,05-02-2024,Surface,Minor,Manual Testing,918.81,2,6,Monday
781,10,cosmetic,30-05-2024,Component,Minor,Manual Testing,830.39,5,22,Thursday
782,92,functional,04-04-2024,Internal,Moderate,Visual Inspection,429.08,4,14,Thursday
783,73,cosmetic,09-04-2024,Internal,Moderate,Automated Testing,800.91,4,15,Tuesday
784,2,functional,30-03-2024,Surface,Moderate,Automated Testing,36.5,3,13,Saturday
785,63,cosmetic,07-04-2024,Surface,Moderate,Visual Inspection,861.84,4,14,Sunday
786,54,cosmetic,24-06-2024,Surface,Minor,Automated Testing,947.21,6,26,Monday
787,36,functional,23-01-2024,Surface,Minor,Manual Testing,37.44,1,4,Tuesday
788,41,structural,25-01-2024,Component,Critical,Automated Testing,571.65,1,4,Thursday
789,54,structural,21-01-2024,Surface,Minor,Automated Testing,331.32,1,3,Sunday
790,3,structural,10-03-2024,Internal,Critical,Manual Testing,212.4,3,10,Sunday
791,94,functional,15-04-2024,Surface,Minor,Automated Testing,451.46,4,16,Monday
792,99,functional,05-03-2024,Internal,Minor,Manual Testing,948.05,3,10,Tuesday
793,79,functional,07-05-2024,Component,Moderate,Visual Inspection,111.39,5,19,Tuesday
794,81,structural,21-03-2024,Internal,Critical,Automated Testing,281.41,3,12,Thursday
795,83,structural,08-03-2024,Internal,Minor,Automated Testing,866.14,3,10,Friday
796,83,structural,08-05-2024,Component,Minor,Visual Inspection,545.23,5,19,Wednesday
797,62,cosmetic,09-06-2024,Surface,Moderate,Visual Inspection,545.72,6,23,Sunday
798,77,functional,10-05-2024,Component,Critical,Visual Inspection,395.56,5,19,Friday
799,87,structural,08-06-2024,Component,Moderate,Manual Testing,914.5,6,23,Saturday
800,38,cosmetic,30-05-2024,Internal,Minor,Automated Testing,339.94,5,22,Thursday
801,77,cosmetic,18-03-2024,Surface,Moderate,Visual Inspection,206.92,3,12,Monday
802,98,functional,17-03-2024,Component,Moderate,Visual Inspection,336.29,3,11,Sunday
803,93,structural,08-01-2024,Internal,Critical,Visual Inspection,911.03,1,2,Monday
804,13,structural,06-01-2024,Surface,Minor,Visual Inspection,720.18,1,1,Saturday
805,23,functional,17-04-2024,Surface,Moderate,Manual Testing,602.51,4,16,Wednesday
806,22,functional,08-04-2024,Internal,Critical,Manual Testing,996.6,4,15,Monday
807,99,cosmetic,28-01-2024,Surface,Minor,Automated Testing,373.64,1,4,Sunday
808,99,cosmetic,30-03-2024,Component,Minor,Visual Inspection,792.57,3,13,Saturday
809,8,structural,19-03-2024,Surface,Minor,Visual Inspection,956.44,3,12,Tuesday
810,77,functional,30-06-2024,Component,Critical,Manual Testing,916.1,6,26,Sunday
811,7,functional,15-05-2024,Surface,Moderate,Visual Inspection,93.31,5,20,Wednesday
812,76,structural,18-03-2024,Internal,Critical,Automated Testing,576.28,3,12,Monday
813,93,functional,06-05-2024,Surface,Minor,Visual Inspection,89.52,5,19,Monday
814,79,structural,06-01-2024,Component,Minor,Manual Testing,381.12,1,1,Saturday
815,65,structural,21-06-2024,Surface,Moderate,Visual Inspection,686.02,6,25,Friday
816,43,functional,17-03-2024,Surface,Minor,Manual Testing,585.81,3,11,Sunday
817,96,structural,31-03-2024,Internal,Critical,Automated Testing,28.26,3,13,Sunday
818,82,functional,06-03-2024,Component,Critical,Visual Inspection,858.99,3,10,Wednesday
819,63,cosmetic,28-02-2024,Surface,Critical,Automated Testing,373.68,2,9,Wednesday
820,61,functional,19-02-2024,Component,Critical,Manual Testing,937.41,2,8,Monday
821,65,cosmetic,11-02-2024,Surface,Moderate,Visual Inspection,960.72,2,6,Sunday
822,41,functional,25-02-2024,Component,Moderate,Manual Testing,988.9,2,8,Sunday
823,88,cosmetic,29-01-2024,Internal,Minor,Automated Testing,890.34,1,5,Monday
824,45,structural,13-02-2024,Component,Minor,Automated Testing,838.89,2,7,Tuesday
825,26,functional,26-01-2024,Component,Moderate,Automated Testing,90.18,1,4,Friday
826,8,cosmetic,26-01-2024,Component,Minor,Manual Testing,693.38,1,4,Friday
827,96,cosmetic,19-01-2024,Component,Minor,Manual Testing,904.55,1,3,Friday
828,25,functional,12-05-2024,Surface,Critical,Manual Testing,446.66,5,19,Sunday
829,90,cosmetic,12-02-2024,Internal,Critical,Automated Testing,561.22,2,7,Monday
830,62,cosmetic,12-04-2024,Surface,Moderate,Visual Inspection,227.29,4,15,Friday
831,57,structural,24-04-2024,Internal,Critical,Manual Testing,129.15,4,17,Wednesday
832,37,cosmetic,02-06-2024,Surface,Critical,Automated Testing,105.91,6,22,Sunday
833,90,cosmetic,15-02-2024,Component,Minor,Visual Inspection,833.94,2,7,Thursday
834,4,structural,09-04-2024,Internal,Moderate,Automated Testing,10.55,4,15,Tuesday
835,69,functional,02-01-2024,Surface,Critical,Automated Testing,744.8,1,1,Tuesday
836,95,structural,08-05-2024,Surface,Critical,Automated Testing,114.02,5,19,Wednesday
837,30,functional,10-03-2024,Surface,Minor,Manual Testing,113.95,3,10,Sunday
838,76,structural,14-06-2024,Surface,Critical,Automated Testing,390.19,6,24,Friday
839,26,cosmetic,11-05-2024,Surface,Critical,Automated Testing,418.17,5,19,Saturday
840,95,structural,16-02-2024,Surface,Moderate,Automated Testing,536.08,2,7,Friday
841,49,structural,25-01-2024,Component,Minor,Manual Testing,857.55,1,4,Thursday
842,32,functional,13-01-2024,Surface,Minor,Automated Testing,800.23,1,2,Saturday
843,97,functional,30-04-2024,Surface,Moderate,Visual Inspection,526.93,4,18,Tuesday
844,83,structural,18-02-2024,Component,Critical,Automated Testing,97.57,2,7,Sunday
845,50,cosmetic,27-02-2024,Component,Moderate,Automated Testing,438.29,2,9,Tuesday
846,48,structural,25-06-2024,Internal,Minor,Manual Testing,937.74,6,26,Tuesday
847,33,functional,22-06-2024,Component,Moderate,Visual Inspection,261.19,6,25,Saturday
848,28,functional,01-05-2024,Component,Critical,Visual Inspection,155.84,5,18,Wednesday
849,100,cosmetic,01-06-2024,Component,Critical,Visual Inspection,761.38,6,22,Saturday
850,10,structural,24-06-2024,Component,Moderate,Automated Testing,693.41,6,26,Monday
851,95,functional,20-03-2024,Component,Moderate,Automated Testing,319.06,3,12,Wednesday
852,7,functional,02-03-2024,Internal,Moderate,Visual Inspection,451.5,3,9,Saturday
853,12,structural,05-05-2024,Surface,Moderate,Automated Testing,497.38,5,18,Sunday
854,14,functional,30-06-2024,Surface,Minor,Visual Inspection,556.73,6,26,Sunday
855,31,cosmetic,07-02-2024,Component,Critical,Visual Inspection,414.41,2,6,Wednesday
856,20,structural,01-02-2024,Surface,Critical,Manual Testing,450.18,2,5,Thursday
857,49,functional,10-04-2024,Component,Moderate,Automated Testing,992.76,4,15,Wednesday
858,51,structural,12-05-2024,Surface,Minor,Visual Inspection,797.39,5,19,Sunday
859,25,cosmetic,25-03-2024,Internal,Minor,Manual Testing,651.04,3,13,Monday
860,10,structural,24-06-2024,Component,Moderate,Visual Inspection,862.64,6,26,Monday
861,51,structural,11-01-2024,Surface,Critical,Automated Testing,915.73,1,2,Thursday
862,63,structural,16-02-2024,Component,Critical,Visual Inspection,445.47,2,7,Friday
863,46,functional,16-03-2024,Surface,Critical,Automated Testing,789.92,3,11,Saturday
864,95,cosmetic,03-01-2024,Component,Critical,Manual Testing,951.99,1,1,Wednesday
865,97,structural,14-06-2024,Surface,Critical,Visual Inspection,345.34,6,24,Friday
866,99,cosmetic,22-02-2024,Surface,Minor,Visual Inspection,119.16,2,8,Thursday
867,9,cosmetic,16-03-2024,Surface,Minor,Automated Testing,649.87,3,11,Saturday
868,38,cosmetic,10-05-2024,Surface,Critical,Manual Testing,141.43,5,19,Friday
869,55,functional,08-06-2024,Surface,Critical,Manual Testing,753.6,6,23,Saturday
870,39,structural,04-05-2024,Internal,Critical,Visual Inspection,210.03,5,18,Saturday
871,59,structural,13-06-2024,Surface,Critical,Manual Testing,992.01,6,24,Thursday
872,1,functional,20-05-2024,Internal,Minor,Automated Testing,148.15,5,21,Monday
873,5,functional,05-01-2024,Surface,Critical,Visual Inspection,577.39,1,1,Friday
874,1,cosmetic,19-04-2024,Surface,Critical,Visual Inspection,98.45,4,16,Friday
875,81,structural,18-04-2024,Component,Moderate,Manual Testing,734.65,4,16,Thursday
876,31,cosmetic,31-03-2024,Surface,Critical,Manual Testing,485.93,3,13,Sunday
877,67,structural,04-02-2024,Component,Minor,Automated Testing,505.47,2,5,Sunday
878,13,functional,20-05-2024,Internal,Critical,Automated Testing,769.34,5,21,Monday
879,37,structural,11-03-2024,Internal,Moderate,Manual Testing,939.94,3,11,Monday
880,91,cosmetic,19-04-2024,Surface,Minor,Visual Inspection,18.7,4,16,Friday
881,26,functional,21-01-2024,Internal,Minor,Automated Testing,892.85,1,3,Sunday
882,39,functional,21-05-2024,Component,Moderate,Automated Testing,85.21,5,21,Tuesday
883,35,functional,06-06-2024,Component,Minor,Visual Inspection,20.83,6,23,Thursday
884,4,cosmetic,01-04-2024,Internal,Minor,Manual Testing,800.02,4,14,Monday
885,28,cosmetic,07-06-2024,Surface,Critical,Visual Inspection,525.36,6,23,Friday
886,4,structural,29-04-2024,Surface,Minor,Visual Inspection,164.46,4,18,Monday
887,95,structural,29-05-2024,Component,Moderate,Manual Testing,452.93,5,22,Wednesday
888,17,cosmetic,16-04-2024,Component,Critical,Automated Testing,729.83,4,16,Tuesday
889,52,functional,05-05-2024,Component,Moderate,Automated Testing,138.24,5,18,Sunday
890,49,structural,05-06-2024,Internal,Minor,Automated Testing,901.01,6,23,Wednesday
891,90,functional,17-06-2024,Internal,Minor,Manual Testing,780.69,6,25,Monday
892,4,structural,12-05-2024,Internal,Critical,Automated Testing,280.56,5,19,Sunday
893,64,structural,07-04-2024,Surface,Minor,Manual Testing,437.25,4,14,Sunday
894,73,structural,19-05-2024,Surface,Minor,Manual Testing,902.78,5,20,Sunday
895,64,structural,09-01-2024,Internal,Minor,Visual Inspection,687.38,1,2,Tuesday
896,64,structural,29-03-2024,Internal,Minor,Manual Testing,436.79,3,13,Friday
897,56,functional,15-05-2024,Internal,Minor,Manual Testing,991.95,5,20,Wednesday
898,58,structural,16-05-2024,Surface,Moderate,Manual Testing,247.97,5,20,Thursday
899,65,cosmetic,16-03-2024,Component,Critical,Manual Testing,895.77,3,11,Saturday
900,84,functional,16-02-2024,Surface,Critical,Manual Testing,628.29,2,7,Friday
901,27,cosmetic,20-03-2024,Internal,Critical,Manual Testing,40.8,3,12,Wednesday
902,60,structural,12-03-2024,Component,Minor,Manual Testing,709.87,3,11,Tuesday
903,88,functional,24-05-2024,Surface,Minor,Automated Testing,450.31,5,21,Friday
904,4,cosmetic,08-04-2024,Surface,Moderate,Visual Inspection,577.2,4,15,Monday
905,100,functional,07-02-2024,Surface,Minor,Manual Testing,431.46,2,6,Wednesday
906,6,structural,25-01-2024,Surface,Critical,Visual Inspection,62.68,1,4,Thursday
907,4,structural,16-02-2024,Component,Minor,Visual Inspection,988.05,2,7,Friday
908,31,functional,24-04-2024,Component,Moderate,Manual Testing,156.46,4,17,Wednesday
909,6,functional,08-03-2024,Component,Critical,Visual Inspection,32.9,3,10,Friday
910,43,functional,29-02-2024,Surface,Moderate,Manual Testing,443.75,2,9,Thursday
911,82,functional,07-06-2024,Component,Minor,Visual Inspection,62.7,6,23,Friday
912,46,functional,28-04-2024,Component,Moderate,Visual Inspection,278.6,4,17,Sunday
913,77,functional,26-06-2024,Surface,Moderate,Automated Testing,213.48,6,26,Wednesday
914,89,functional,15-06-2024,Internal,Critical,Automated Testing,90.11,6,24,Saturday
915,66,cosmetic,05-03-2024,Surface,Moderate,Visual Inspection,108.7,3,10,Tuesday
916,7,structural,21-02-2024,Surface,Moderate,Visual Inspection,75.06,2,8,Wednesday
917,66,cosmetic,04-01-2024,Component,Critical,Automated Testing,511.65,1,1,Thursday
918,24,functional,01-06-2024,Component,Moderate,Visual Inspection,535.87,6,22,Saturday
919,35,cosmetic,01-03-2024,Internal,Minor,Visual Inspection,585.78,3,9,Friday
920,47,functional,03-01-2024,Surface,Moderate,Visual Inspection,873.58,1,1,Wednesday
921,91,cosmetic,09-03-2024,Internal,Moderate,Automated Testing,73.46,3,10,Saturday
922,90,cosmetic,17-03-2024,Component,Minor,Visual Inspection,793.46,3,11,Sunday
923,36,structural,29-03-2024,Surface,Minor,Visual Inspection,893.77,3,13,Friday
924,2,cosmetic,16-06-2024,Component,Minor,Manual Testing,409.43,6,24,Sunday
925,11,functional,03-05-2024,Internal,Minor,Automated Testing,351.86,5,18,Friday
926,16,functional,12-01-2024,Internal,Moderate,Automated Testing,933.37,1,2,Friday
927,44,cosmetic,19-03-2024,Surface,Moderate,Visual Inspection,333.92,3,12,Tuesday
928,80,structural,27-04-2024,Internal,Moderate,Manual Testing,904.57,4,17,Saturday
929,5,functional,27-04-2024,Surface,Critical,Visual Inspection,225.51,4,17,Saturday
930,52,functional,14-05-2024,Component,Critical,Automated Testing,664.52,5,20,Tuesday
931,81,structural,04-02-2024,Internal,Critical,Automated Testing,486.49,2,5,Sunday
932,80,functional,14-05-2024,Internal,Moderate,Visual Inspection,127.23,5,20,Tuesday
933,15,cosmetic,16-05-2024,Internal,Minor,Visual Inspection,121.96,5,20,Thursday
934,62,cosmetic,06-05-2024,Surface,Minor,Manual Testing,267.64,5,19,Monday
935,46,structural,19-01-2024,Surface,Critical,Automated Testing,298.03,1,3,Friday
936,7,cosmetic,03-02-2024,Component,Moderate,Automated Testing,604.72,2,5,Saturday
937,94,structural,18-04-2024,Internal,Critical,Manual Testing,749.05,4,16,Thursday
938,38,structural,08-04-2024,Surface,Minor,Manual Testing,499.34,4,15,Monday
939,92,cosmetic,16-02-2024,Internal,Moderate,Visual Inspection,590.85,2,7,Friday
940,29,functional,01-04-2024,Internal,Minor,Manual Testing,355.6,4,14,Monday
941,46,structural,27-01-2024,Component,Minor,Visual Inspection,266.97,1,4,Saturday
942,46,structural,29-05-2024,Surface,Critical,Visual Inspection,160.08,5,22,Wednesday
943,79,cosmetic,17-04-2024,Internal,Moderate,Manual Testing,827.64,4,16,Wednesday
944,72,functional,11-03-2024,Surface,Minor,Manual Testing,19.83,3,11,Monday
945,10,cosmetic,24-05-2024,Surface,Minor,Visual Inspection,989.49,5,21,Friday
946,87,cosmetic,03-03-2024,Internal,Minor,Manual Testing,133.9,3,9,Sunday
947,6,cosmetic,03-03-2024,Internal,Moderate,Visual Inspection,739.33,3,9,Sunday
948,70,structural,16-02-2024,Component,Moderate,Automated Testing,947.83,2,7,Friday
949,60,structural,11-04-2024,Surface,Critical,Automated Testing,743.44,4,15,Thursday
950,23,structural,23-02-2024,Surface,Critical,Automated Testing,534.79,2,8,Friday
951,2,functional,08-06-2024,Internal,Moderate,Visual Inspection,479.56,6,23,Saturday
952,23,structural,26-02-2024,Surface,Critical,Visual Inspection,87.89,2,9,Monday
953,81,functional,27-03-2024,Surface,Minor,Manual Testing,571.61,3,13,Wednesday
954,46,structural,17-06-2024,Surface,Moderate,Visual Inspection,485.1,6,25,Monday
955,85,functional,28-02-2024,Internal,Minor,Manual Testing,289.68,2,9,Wednesday
956,43,functional,01-03-2024,Surface,Critical,Manual Testing,962.48,3,9,Friday
957,13,structural,27-05-2024,Internal,Minor,Automated Testing,13.19,5,22,Monday
958,25,structural,03-04-2024,Component,Critical,Visual Inspection,298.81,4,14,Wednesday
959,53,cosmetic,27-04-2024,Component,Critical,Automated Testing,916.49,4,17,Saturday
960,59,cosmetic,19-03-2024,Internal,Critical,Automated Testing,15.96,3,12,Tuesday
961,3,structural,29-03-2024,Component,Moderate,Visual Inspection,383.65,3,13,Friday
962,78,cosmetic,30-01-2024,Component,Critical,Manual Testing,612.25,1,5,Tuesday
963,51,cosmetic,26-05-2024,Component,Minor,Automated Testing,142,5,21,Sunday
964,45,functional,13-02-2024,Component,Critical,Manual Testing,685.35,2,7,Tuesday
965,45,functional,22-06-2024,Internal,Critical,Visual Inspection,358.46,6,25,Saturday
966,54,functional,29-03-2024,Internal,Moderate,Visual Inspection,310.35,3,13,Friday
967,81,functional,13-03-2024,Internal,Moderate,Manual Testing,610.75,3,11,Wednesday
968,92,structural,03-03-2024,Internal,Moderate,Visual Inspection,523.61,3,9,Sunday
969,6,structural,15-03-2024,Surface,Minor,Manual Testing,945.17,3,11,Friday
970,33,structural,28-01-2024,Internal,Minor,Visual Inspection,708.97,1,4,Sunday
971,50,cosmetic,07-04-2024,Component,Minor,Automated Testing,309.87,4,14,Sunday
972,97,cosmetic,04-01-2024,Surface,Critical,Manual Testing,565.48,1,1,Thursday
973,14,structural,14-06-2024,Surface,Critical,Automated Testing,859.52,6,24,Friday
974,39,cosmetic,21-01-2024,Internal,Critical,Manual Testing,140.02,1,3,Sunday
975,3,functional,01-01-2024,Component,Moderate,Automated Testing,626.35,1,1,Monday
976,79,cosmetic,18-05-2024,Component,Moderate,Visual Inspection,807.32,5,20,Saturday
977,96,structural,08-06-2024,Internal,Critical,Automated Testing,888.55,6,23,Saturday
978,57,functional,29-01-2024,Component,Moderate,Automated Testing,440.85,1,5,Monday
979,1,functional,11-01-2024,Internal,Critical,Manual Testing,652.97,1,2,Thursday
980,39,functional,29-02-2024,Internal,Moderate,Visual Inspection,725.44,2,9,Thursday
981,75,cosmetic,16-01-2024,Internal,Minor,Manual Testing,843.66,1,3,Tuesday
982,9,cosmetic,15-03-2024,Component,Moderate,Visual Inspection,611.8,3,11,Friday
983,76,functional,16-05-2024,Surface,Moderate,Automated Testing,712.12,5,20,Thursday
984,43,functional,22-06-2024,Internal,Critical,Manual Testing,941.33,6,25,Saturday
985,99,functional,02-02-2024,Internal,Critical,Automated Testing,112.15,2,5,Friday
986,47,structural,08-02-2024,Internal,Moderate,Automated Testing,284.7,2,6,Thursday
987,26,cosmetic,22-05-2024,Internal,Minor,Visual Inspection,694.09,5,21,Wednesday
988,50,cosmetic,05-02-2024,Surface,Moderate,Automated Testing,102.98,2,6,Monday
989,11,cosmetic,01-01-2024,Component,Critical,Visual Inspection,398.32,1,1,Monday
990,45,cosmetic,11-06-2024,Component,Critical,Manual Testing,576.07,6,24,Tuesday
991,10,cosmetic,08-06-2024,Internal,Minor,Visual Inspection,51.79,6,23,Saturday
992,7,cosmetic,25-01-2024,Internal,Critical,Visual Inspection,426.31,1,4,Thursday
993,83,functional,14-03-2024,Internal,Critical,Manual Testing,808.65,3,11,Thursday
994,77,cosmetic,11-02-2024,Component,Minor,Visual Inspection,970.37,2,6,Sunday
995,41,cosmetic,28-01-2024,Internal,Moderate,Automated Testing,67.54,1,4,Sunday
996,25,structural,01-03-2024,Component,Minor,Automated Testing,813.14,3,9,Friday
997,23,functional,21-03-2024,Component,Moderate,Automated Testing,944.07,3,12,Thursday
998,17,structural,16-01-2024,Component,Minor,Automated Testing,401.12,1,3,Tuesday
999,96,cosmetic,21-06-2024,Internal,Moderate,Manual Testing,775.63,6,25,Friday
1000,1,cosmetic,23-03-2024,Component,Minor,Visual Inspection,963.4,3,12,Saturday
